ED91CD,total_residents,residents_10,InActive_sick,Foreman,Skilled,Semi_skilled,Unskilled,Total_employed,Manufacturing,Well_Edu,Disabled,total_persons,poor_health
CNFA01,762,68,42,1,4,8,4,23,6,0,107,NA,NA
CNFA02,560,36,24,0,3,2,4,17,4,1,82,NA,NA
CNFA03,705,74,15,0,6,3,4,22,7,1,66,NA,NA
CNFA04,695,51,17,0,4,4,1,19,5,1,64,NA,NA
CNFA05,577,48,26,0,4,6,2,17,8,1,92,NA,NA
CNFA06,767,68,33,0,5,5,3,23,2,3,110,NA,NA
CNFA07,540,54,18,1,7,2,1,20,3,0,70,NA,NA
CNFA08,625,52,21,1,5,1,2,16,6,3,68,NA,NA
CNFA09,751,53,17,0,0,1,0,20,2,3,70,NA,NA
CNFA10,602,38,23,1,2,2,2,13,2,2,105,NA,NA
CNFA11,534,35,21,0,4,3,0,10,4,0,76,NA,NA
CNFA12,526,45,15,0,2,3,2,18,4,3,52,NA,NA
CNFA13,483,41,8,0,2,2,1,11,1,2,34,NA,NA
CNFA14,638,51,16,1,8,4,1,23,4,4,73,NA,NA
CNFA15,498,38,15,0,4,5,2,17,3,3,47,NA,NA
CNFA16,573,48,12,0,5,4,2,26,9,0,48,NA,NA
CNFA17,605,45,15,0,6,5,3,21,5,2,71,NA,NA
CNFA18,681,45,21,0,3,6,1,22,7,2,82,NA,NA
CNFA19,559,40,14,1,7,4,2,21,1,1,78,NA,NA
CNFA20,575,40,17,1,3,4,0,20,6,2,81,NA,NA
CNFA21,724,57,10,0,4,2,1,23,2,2,51,NA,NA
CNFA22,358,22,16,0,1,2,0,4,1,0,87,NA,NA
CNFA23,481,51,5,1,2,1,1,22,5,5,32,NA,NA
CNFA24,404,42,7,0,3,5,0,9,2,0,56,NA,NA
CNFA25,698,63,19,1,7,7,3,34,12,4,56,NA,NA
CNFA26,467,36,18,1,3,1,4,11,6,0,62,NA,NA
CNFA27,710,61,22,2,1,11,3,25,6,1,102,NA,NA
CNFA28,697,61,14,3,8,4,1,28,5,2,68,NA,NA
CNFA29,550,39,20,1,4,5,1,25,6,2,82,NA,NA
CNFA30,490,43,15,0,4,2,0,20,3,5,36,NA,NA
CNFA31,735,61,5,0,10,2,1,25,6,2,72,NA,NA
CNFA32,571,36,16,0,3,2,0,16,4,3,56,NA,NA
CNFA33,708,60,15,1,5,3,3,30,6,3,47,NA,NA
CNFA34,697,61,10,1,5,4,1,32,10,2,54,NA,NA
CNFA35,706,47,14,0,4,1,0,16,9,0,83,NA,NA
CNFA37,888,64,17,0,7,2,4,25,9,0,91,NA,NA
CNFA38,351,28,9,1,5,4,2,12,4,0,36,NA,NA
CNFA39,692,61,11,0,7,11,2,27,10,5,56,NA,NA
CNFA40,714,62,24,1,1,4,0,19,3,4,65,NA,NA
CNFA41,590,42,12,1,5,3,0,23,5,2,61,NA,NA
CNFA42,620,49,12,2,5,3,0,26,7,5,60,NA,NA
CNFA43,536,47,10,2,5,5,0,24,9,4,50,NA,NA
CNFA44,634,46,1,1,5,3,0,33,9,4,24,NA,NA
CNFA45,633,45,13,1,5,1,0,14,4,0,84,NA,NA
CNFA46,674,46,4,3,6,2,2,26,6,4,43,NA,NA
CNFA47,575,35,20,0,7,2,0,19,3,4,52,NA,NA
CNFA48,630,48,53,0,0,4,2,18,2,3,59,NA,NA
CNFA49,546,40,36,0,1,2,0,16,0,1,65,NA,NA
CNFA50,524,38,10,0,6,5,0,26,9,2,50,NA,NA
CNFA51,667,56,11,0,3,3,0,18,3,6,48,NA,NA
CNFA52,570,43,23,0,3,2,1,19,3,5,81,NA,NA
CNFA53,649,61,20,0,4,2,1,14,2,3,80,NA,NA
CNFA54,531,42,11,0,3,0,2,18,5,2,63,NA,NA
CNFB01,616,51,6,0,1,5,3,20,5,0,70,NA,NA
CNFB02,478,32,12,4,3,5,0,19,8,1,61,NA,NA
CNFB03,623,54,13,2,4,4,1,28,9,1,74,NA,NA
CNFB04,744,67,31,0,3,4,1,13,6,2,85,NA,NA
CNFB05,524,53,21,0,2,2,0,10,2,1,52,NA,NA
CNFB07,550,34,18,0,2,1,1,7,2,1,67,NA,NA
CNFB08,772,98,35,0,9,7,4,21,11,0,96,NA,NA
CNFB09,337,36,21,0,0,2,2,5,2,0,46,NA,NA
CNFB10,463,31,24,1,5,1,2,8,3,1,83,NA,NA
CNFB11,648,56,18,0,4,1,2,12,2,3,97,NA,NA
CNFB12,508,53,14,0,6,2,2,14,4,0,53,NA,NA
CNFB13,704,62,38,0,1,2,1,8,1,1,102,NA,NA
CNFB14,602,69,24,0,4,4,0,10,4,1,75,NA,NA
CNFB15,492,40,27,1,1,2,0,9,1,2,99,NA,NA
CNFB16,434,26,22,0,2,3,2,9,3,2,66,NA,NA
CNFB17,648,42,31,0,2,2,2,7,1,2,87,NA,NA
CNFB18,879,83,36,1,3,2,0,13,5,2,120,NA,NA
CNFB19,530,40,24,1,0,4,2,7,5,1,86,NA,NA
CNFB20,595,43,34,0,1,5,3,13,4,3,71,NA,NA
CNFB21,493,41,19,2,2,3,2,11,2,0,56,NA,NA
CNFB22,334,40,16,0,1,2,1,7,0,1,51,NA,NA
CNFB23,423,42,23,0,2,2,0,6,3,0,85,NA,NA
CNFB24,704,67,24,0,4,3,2,15,5,1,73,NA,NA
CNFB25,734,70,38,1,3,3,0,11,7,1,109,NA,NA
CNFB26,596,57,62,0,2,5,1,16,3,1,84,NA,NA
CNFB27,709,76,39,0,2,5,1,12,6,0,96,NA,NA
CNFB28,619,59,27,0,2,4,2,9,5,0,92,NA,NA
CNFB29,431,22,22,0,0,5,0,6,1,1,76,NA,NA
CNFB30,589,54,30,0,0,3,1,10,0,1,79,NA,NA
CNFB32,397,23,26,0,1,1,2,7,2,2,60,NA,NA
CNFB33,378,33,16,1,3,2,0,12,5,1,47,NA,NA
CNFB34,679,53,24,0,2,2,3,13,5,0,92,NA,NA
CNFB35,568,61,14,0,5,2,0,10,5,1,67,NA,NA
CNFB36,483,17,22,0,1,2,1,4,2,0,56,NA,NA
CNFB37,616,60,23,1,6,7,4,22,7,0,111,NA,NA
CNFB38,626,57,23,0,2,3,2,13,3,1,85,NA,NA
CNFB39,707,51,28,0,3,2,4,12,4,0,107,NA,NA
CNFB40,536,49,34,0,3,3,1,13,3,1,85,NA,NA
CNFB41,396,21,21,0,4,4,0,3,1,0,51,NA,NA
CNFB42,622,55,30,0,3,1,2,11,2,0,71,NA,NA
CNFB43,419,38,28,2,2,3,0,7,5,0,67,NA,NA
CNFB44,458,39,31,1,2,1,1,12,3,0,50,NA,NA
CNFB45,626,63,27,1,6,8,1,20,9,0,97,NA,NA
CNFB46,520,30,39,0,2,3,2,7,2,0,88,NA,NA
CNFB47,339,23,11,0,0,4,1,7,3,2,54,NA,NA
CNFB48,540,38,23,1,3,8,0,10,8,0,81,NA,NA
CNFB49,359,22,16,0,1,2,0,4,2,0,71,NA,NA
CNFB50,447,39,15,0,0,3,0,7,3,1,81,NA,NA
CNFB51,439,36,23,0,3,4,1,8,5,0,60,NA,NA
CNFB52,359,24,14,0,0,3,1,8,3,1,39,NA,NA
CNFB54,372,34,14,0,4,4,2,12,5,0,58,NA,NA
CNFB55,500,31,24,1,5,6,3,13,7,0,84,NA,NA
CNFB58,322,15,25,0,1,2,1,1,0,0,0,NA,NA
CNFC01,242,20,1,1,0,2,0,10,2,0,11,NA,NA
CNFC02,565,49,12,0,1,3,1,25,3,9,38,NA,NA
CNFC03,564,45,15,0,3,5,3,23,5,3,73,NA,NA
CNFC04,677,56,21,0,5,6,2,29,7,1,79,NA,NA
CNFC05,547,43,19,2,6,3,1,21,7,0,60,NA,NA
CNFC06,742,71,11,0,5,2,2,33,6,10,30,NA,NA
CNFC07,655,64,15,0,6,6,3,30,4,2,80,NA,NA
CNFC08,587,53,16,1,5,3,3,20,2,3,63,NA,NA
CNFC09,630,61,23,0,9,7,4,25,8,0,72,NA,NA
CNFC10,690,61,15,0,1,6,0,14,4,0,106,NA,NA
CNFC11,553,48,8,1,5,4,2,29,3,2,39,NA,NA
CNFC12,650,63,6,0,3,1,0,41,7,2,24,NA,NA
CNFC13,692,64,23,2,7,5,1,26,5,0,65,NA,NA
CNFC14,630,56,22,0,3,5,0,16,4,0,69,NA,NA
CNFC15,635,58,5,2,10,1,1,36,8,2,25,NA,NA
CNFC16,643,64,4,0,7,2,1,30,6,2,14,NA,NA
CNFC17,634,43,19,1,3,4,1,15,5,0,74,NA,NA
CNFC18,502,40,10,1,4,1,0,21,5,2,40,NA,NA
CNFC19,411,42,9,0,5,1,3,17,3,1,26,NA,NA
CNFC20,546,40,24,0,2,2,3,20,8,0,78,NA,NA
CNFC21,589,37,10,2,1,3,0,11,1,0,93,NA,NA
CNFC22,583,56,19,0,3,3,1,10,3,0,85,NA,NA
CNFC23,578,46,18,0,7,6,1,15,9,0,77,NA,NA
CNFC24,391,28,6,1,3,2,2,17,3,0,81,NA,NA
CNFC25,625,58,22,1,4,9,2,25,6,1,87,NA,NA
CNFC26,367,25,15,0,1,1,1,8,3,0,49,NA,NA
CNFC27,677,49,19,1,2,1,3,14,1,0,104,NA,NA
CNFC28,559,42,12,0,3,4,1,17,2,2,82,NA,NA
CNFC29,770,61,16,2,6,4,2,29,7,2,77,NA,NA
CNFC30,728,58,8,0,7,1,1,29,5,2,43,NA,NA
CNFC31,499,34,12,1,0,0,0,5,2,0,87,NA,NA
CNFC32,522,38,29,0,4,0,3,14,2,0,94,NA,NA
CNFC33,526,45,21,0,3,4,1,17,2,3,66,NA,NA
CNFC34,515,32,18,0,3,2,0,8,3,1,79,NA,NA
CNFC35,576,42,8,1,6,4,4,17,6,1,56,NA,NA
CNFC36,655,45,9,0,5,1,0,29,3,10,45,NA,NA
CNFC37,585,37,13,1,0,2,1,10,3,1,104,NA,NA
CNFC38,517,44,11,0,2,2,0,14,4,0,82,NA,NA
CNFC39,539,43,14,0,4,1,2,15,2,5,82,NA,NA
CNFC40,337,19,18,0,0,1,0,5,0,3,41,NA,NA
CNFC41,510,29,13,1,5,1,2,8,3,0,72,NA,NA
CNFC42,587,55,16,1,7,1,1,12,4,0,94,NA,NA
CNFC43,416,37,8,0,2,1,1,5,1,0,45,NA,NA
CNFC44,545,42,6,1,4,3,1,22,9,1,46,NA,NA
CNFC45,532,57,21,0,1,3,2,9,2,2,55,NA,NA
CNFC46,609,63,14,0,2,2,1,16,3,3,82,NA,NA
CNFC47,583,59,15,0,2,7,5,15,6,1,79,NA,NA
CNFD01,561,42,8,0,1,1,0,20,1,6,42,NA,NA
CNFD02,769,70,28,1,4,6,1,19,7,4,97,NA,NA
CNFD03,580,40,4,1,2,1,0,13,2,11,52,NA,NA
CNFD04,715,58,16,0,2,0,0,16,2,12,51,NA,NA
CNFD05,637,48,16,0,2,3,0,20,5,5,62,NA,NA
CNFD06,651,53,36,0,3,5,1,21,8,3,83,NA,NA
CNFD07,445,45,13,1,1,3,2,9,5,0,67,NA,NA
CNFD08,707,60,36,0,4,3,4,20,4,1,110,NA,NA
CNFD09,702,53,11,1,2,6,3,18,3,0,80,NA,NA
CNFD10,721,61,9,0,3,0,2,25,6,12,66,NA,NA
CNFD11,604,50,33,0,0,3,1,9,3,1,122,NA,NA
CNFD12,791,66,15,0,4,4,1,25,7,9,113,NA,NA
CNFD13,820,68,7,1,4,0,0,30,1,9,62,NA,NA
CNFD14,675,49,9,1,1,2,0,23,1,10,52,NA,NA
CNFD15,659,53,32,0,5,6,1,18,6,2,87,NA,NA
CNFD16,700,62,38,0,7,2,4,22,3,3,96,NA,NA
CNFD17,572,47,27,1,4,6,2,17,11,1,95,NA,NA
CNFD18,641,45,13,0,5,1,2,6,5,0,94,NA,NA
CNFD19,734,63,18,2,10,8,1,34,13,1,76,NA,NA
CNFD20,671,48,25,0,5,2,0,18,2,1,87,NA,NA
CNFD21,544,51,25,0,4,4,2,19,4,0,68,NA,NA
CNFD22,693,51,11,0,5,3,3,21,7,3,113,NA,NA
CNFD23,628,67,20,1,4,2,0,13,6,1,97,NA,NA
CNFD24,621,46,35,0,2,5,2,10,5,0,104,NA,NA
CNFD25,797,67,32,0,9,7,4,40,10,2,136,NA,NA
CNFD26,615,48,29,1,4,6,1,20,7,4,81,NA,NA
CNFD27,561,48,15,0,6,1,1,16,3,1,81,NA,NA
CNFD28,646,48,22,0,6,5,3,16,4,0,102,NA,NA
CNFD29,750,69,22,0,8,5,5,23,9,0,77,NA,NA
CNFD30,611,48,27,2,4,5,1,24,8,2,87,NA,NA
CNFD31,767,57,12,3,6,5,2,33,4,9,47,NA,NA
CNFD32,711,52,18,1,6,3,3,22,4,2,83,NA,NA
CNFD33,746,47,23,0,5,5,0,13,4,1,104,NA,NA
CNFD34,374,31,12,0,2,1,1,8,1,1,60,NA,NA
CNFD35,700,58,21,0,4,6,1,18,6,1,98,NA,NA
CNFD36,754,61,18,0,5,4,1,33,7,6,67,NA,NA
CNFD37,705,42,34,0,1,3,0,8,5,0,93,NA,NA
CNFD38,755,63,27,3,6,4,0,22,8,1,112,NA,NA
CNFD39,673,53,26,0,4,6,2,23,9,0,87,NA,NA
CNFD40,577,52,10,0,6,4,0,17,7,0,79,NA,NA
CNFD41,576,48,24,0,3,2,0,19,3,9,84,NA,NA
CNFD42,619,56,12,0,7,4,5,30,9,2,63,NA,NA
CNFD43,620,56,8,1,6,5,2,28,6,2,48,NA,NA
CNFD44,631,46,13,0,3,2,1,24,5,5,45,NA,NA
CNFD45,625,51,19,0,8,1,0,23,6,2,72,NA,NA
CNFD46,599,48,16,0,4,4,1,20,6,1,65,NA,NA
CNFD47,610,40,6,0,1,3,2,23,6,3,42,NA,NA
CNFD48,787,68,14,0,6,1,2,30,7,7,58,NA,NA
CNFD49,847,68,13,1,8,4,1,36,12,4,39,NA,NA
CNFD50,733,52,10,1,3,0,0,23,1,3,62,NA,NA
CNFE01,734,55,17,1,3,3,0,19,4,7,98,NA,NA
CNFE02,430,34,11,0,1,2,1,14,2,3,62,NA,NA
CNFE03,550,45,9,0,1,3,1,13,4,6,86,NA,NA
CNFE04,747,60,12,1,5,5,1,27,8,5,66,NA,NA
CNFE05,705,44,10,0,3,1,1,17,9,7,53,NA,NA
CNFE06,746,62,11,0,4,3,1,30,8,9,60,NA,NA
CNFE07,349,24,8,0,0,0,0,7,2,3,65,NA,NA
CNFE08,706,53,9,1,0,3,0,27,5,13,80,NA,NA
CNFE09,583,54,12,0,4,2,0,25,4,11,59,NA,NA
CNFE10,589,51,8,0,5,2,0,22,8,4,72,NA,NA
CNFE11,504,33,7,0,4,2,0,18,6,6,47,NA,NA
CNFE12,520,32,8,0,2,2,1,14,2,7,51,NA,NA
CNFE13,467,38,6,1,4,4,4,24,7,1,42,NA,NA
CNFE14,458,26,15,1,1,3,0,9,3,1,93,NA,NA
CNFE15,641,43,13,0,4,3,1,21,3,1,61,NA,NA
CNFE16,606,47,32,0,3,3,0,18,5,4,80,NA,NA
CNFE17,560,37,25,0,1,2,2,10,1,1,67,NA,NA
CNFE18,541,43,16,0,2,1,2,14,3,2,76,NA,NA
CNFE19,636,60,28,1,4,7,2,23,6,3,94,NA,NA
CNFE20,592,48,7,0,3,5,2,20,1,6,48,NA,NA
CNFE21,660,49,11,1,5,0,1,28,4,14,61,NA,NA
CNFE22,682,60,11,1,2,1,0,26,2,17,61,NA,NA
CNFE23,794,60,17,1,6,8,1,32,13,1,74,NA,NA
CNFE24,679,50,12,1,6,2,0,31,9,3,53,NA,NA
CNFE25,524,48,21,0,3,3,0,18,4,3,69,NA,NA
CNFE26,425,27,11,0,3,4,0,11,5,2,48,NA,NA
CNFE27,406,29,16,0,4,3,2,19,8,1,44,NA,NA
CNFE28,639,49,10,1,1,8,1,24,8,9,48,NA,NA
CNFE29,563,38,12,1,5,3,1,23,8,4,71,NA,NA
CNFE30,719,53,13,0,3,6,1,31,9,8,43,NA,NA
CNFE31,726,63,10,0,3,2,2,30,5,12,61,NA,NA
CNFE32,757,56,17,0,4,5,2,35,5,10,79,NA,NA
CNFE33,510,41,8,0,2,1,4,23,9,13,54,NA,NA
CNFE34,696,53,20,0,1,5,1,25,8,7,67,NA,NA
CNFE35,704,64,13,0,1,1,1,27,4,15,76,NA,NA
CNFE36,562,44,7,0,3,5,2,23,7,10,44,NA,NA
CNFE37,610,45,15,0,4,0,0,15,2,3,59,NA,NA
CNFE38,525,39,18,0,3,2,2,17,4,1,46,NA,NA
CNFE39,619,47,6,1,4,3,3,24,6,7,50,NA,NA
CNFE40,669,66,16,1,5,6,1,21,4,3,58,NA,NA
CNFE41,639,49,19,1,3,5,1,29,8,6,52,NA,NA
CNFE42,502,45,25,0,5,3,1,14,4,0,54,NA,NA
CNFE43,633,53,18,0,3,4,3,14,3,1,64,NA,NA
CNFE44,480,27,7,0,0,3,0,8,3,3,48,NA,NA
CNFE45,598,45,13,0,1,0,1,18,2,12,47,NA,NA
CNFE46,664,46,29,0,3,3,1,26,4,3,41,NA,NA
CNFE47,647,48,15,0,0,4,0,12,3,14,41,NA,NA
CNFE48,554,45,8,1,3,1,2,23,5,2,58,NA,NA
CNFE49,465,27,10,0,3,0,1,13,4,1,49,NA,NA
CNFE50,618,47,11,1,1,0,0,16,4,7,97,NA,NA
CNFE52,128,8,0,0,0,0,0,0,0,1,43,NA,NA
CNFF01,559,49,12,1,1,3,0,25,8,10,54,NA,NA
CNFF02,637,45,15,0,1,1,1,14,3,14,75,NA,NA
CNFF03,708,68,15,1,1,3,0,22,3,7,72,NA,NA
CNFF04,831,60,11,0,3,5,1,31,4,19,51,NA,NA
CNFF05,760,46,6,0,2,4,3,26,4,11,42,NA,NA
CNFF06,630,58,15,2,1,3,0,23,8,5,53,NA,NA
CNFF07,563,44,35,0,4,2,2,13,2,3,81,NA,NA
CNFF08,725,63,43,0,4,7,1,27,9,2,97,NA,NA
CNFF09,709,64,32,0,2,5,1,18,5,2,99,NA,NA
CNFF10,745,67,17,0,6,7,0,27,5,3,46,NA,NA
CNFF11,596,44,13,0,1,5,2,24,8,8,45,NA,NA
CNFF12,523,41,4,0,5,0,0,18,3,2,42,NA,NA
CNFF13,663,52,14,0,3,2,0,21,4,13,56,NA,NA
CNFF14,687,51,5,1,0,1,1,25,1,9,45,NA,NA
CNFF15,567,62,19,1,6,4,1,29,7,3,81,NA,NA
CNFF16,650,49,16,0,7,2,2,23,5,6,93,NA,NA
CNFF17,667,53,7,1,6,3,2,28,7,7,59,NA,NA
CNFF18,448,37,1,3,1,0,1,19,4,6,53,NA,NA
CNFF19,532,38,5,0,3,3,0,21,1,4,39,NA,NA
CNFF20,528,44,7,1,0,1,0,16,0,6,60,NA,NA
CNFF21,742,57,8,0,5,3,0,34,8,4,61,NA,NA
CNFF22,659,50,11,0,2,3,0,22,3,6,61,NA,NA
CNFF23,737,61,8,1,6,5,2,34,8,8,49,NA,NA
CNFF24,630,52,11,0,5,4,0,21,7,6,70,NA,NA
CNFF25,714,56,16,0,1,4,0,21,3,6,87,NA,NA
CNFF26,587,50,3,1,5,2,0,27,5,7,45,NA,NA
CNFF27,633,50,18,0,1,3,0,9,2,0,82,NA,NA
CNFF28,630,37,40,1,3,2,0,12,2,0,107,NA,NA
CNFF29,555,44,20,0,3,5,0,17,7,1,68,NA,NA
CNFF30,726,70,10,0,3,4,1,37,7,10,64,NA,NA
CNFF31,629,50,16,0,5,1,0,29,2,3,52,NA,NA
CNFF32,762,54,9,2,5,2,3,23,5,1,60,NA,NA
CNFF33,746,58,21,0,4,3,2,24,5,3,70,NA,NA
CNFF34,501,32,10,0,4,1,2,13,4,3,82,NA,NA
CNFF35,665,64,30,1,7,7,3,28,8,1,98,NA,NA
CNFF36,637,43,22,0,5,3,1,17,5,1,98,NA,NA
CNFF37,653,58,38,3,2,3,3,19,7,0,102,NA,NA
CNFF38,695,56,12,1,4,8,2,35,9,3,45,NA,NA
CNFF39,569,40,15,2,3,4,1,13,3,2,91,NA,NA
CNFF40,662,61,12,1,4,4,2,32,5,5,52,NA,NA
CNFF41,467,46,12,1,2,4,0,9,3,0,76,NA,NA
CNFF42,668,55,23,1,4,6,1,17,5,1,51,NA,NA
CNFF43,452,52,17,1,6,3,2,13,4,0,64,NA,NA
CNFF44,490,40,14,0,2,2,0,14,3,1,60,NA,NA
CNFF45,614,48,24,0,4,3,4,15,4,0,53,NA,NA
CNFF46,540,38,30,0,4,6,1,12,3,1,70,NA,NA
CNFF47,604,45,23,2,3,1,2,10,5,1,89,NA,NA
CNFF48,557,41,16,1,3,2,5,15,3,0,71,NA,NA
CNFF49,590,45,22,1,3,2,3,14,5,0,74,NA,NA
CNFF50,556,37,16,1,3,5,1,15,5,0,61,NA,NA
CNFF51,545,49,11,1,3,5,1,26,6,2,56,NA,NA
CNFF52,615,43,20,2,2,5,0,14,3,1,82,NA,NA
CNFF53,364,22,14,0,0,0,0,0,0,0,0,NA,NA
CNFG01,239,9,3,0,2,0,0,7,2,5,11,NA,NA
CNFG02,282,13,5,0,2,2,0,10,3,5,27,NA,NA
CNFG03,307,9,5,0,1,2,1,4,0,2,25,NA,NA
CNFG04,350,22,6,0,1,1,0,10,1,9,26,NA,NA
CNFG05,566,38,9,0,0,1,1,8,1,2,41,NA,NA
CNFG06,657,60,32,0,3,4,0,18,4,5,94,NA,NA
CNFG07,554,38,16,0,1,3,2,15,5,5,83,NA,NA
CNFG08,177,19,5,0,0,2,0,6,2,1,10,NA,NA
CNFG09,318,18,13,0,1,2,0,9,0,3,26,NA,NA
CNFG10,248,9,6,0,0,1,1,4,0,1,21,NA,NA
CNFG11,466,28,19,0,1,0,0,11,3,8,30,NA,NA
CNFG12,499,41,22,0,0,4,0,20,5,14,28,NA,NA
CNFG13,424,23,10,0,2,4,0,12,1,5,38,NA,NA
CNFG14,482,27,13,1,1,1,1,12,0,9,57,NA,NA
CNFG15,295,18,3,0,0,0,0,12,1,10,19,NA,NA
CNFG16,504,37,8,0,0,0,1,19,1,9,34,NA,NA
CNFG17,480,45,4,0,1,0,3,25,3,12,28,NA,NA
CNFG18,432,27,12,0,0,0,0,13,0,14,31,NA,NA
CNFG19,730,63,2,0,0,0,0,32,3,17,39,NA,NA
CNFG20,257,18,24,0,0,2,0,10,4,6,15,NA,NA
CNFG21,531,36,4,0,0,0,0,17,0,7,29,NA,NA
CNFG22,391,25,3,0,0,0,0,12,1,9,27,NA,NA
CNFG23,426,26,7,1,0,1,0,14,4,7,36,NA,NA
CNFG24,587,41,23,0,0,0,0,20,2,16,35,NA,NA
CNFG25,485,32,2,0,0,0,0,12,1,14,34,NA,NA
CNFG26,687,47,4,1,1,1,0,18,0,10,48,NA,NA
CNFG27,380,20,6,0,0,0,0,12,1,8,28,NA,NA
CNFG28,489,27,0,0,0,0,0,13,0,10,25,NA,NA
CNFG29,120,6,1,0,0,0,0,6,0,4,5,NA,NA
CNFG30,630,68,6,0,0,1,0,34,15,19,19,NA,NA
CNFG31,496,35,2,1,1,0,0,19,4,9,24,NA,NA
CNFG32,512,37,26,0,2,0,0,18,1,8,38,NA,NA
CNFG33,572,47,9,1,1,1,0,21,2,12,40,NA,NA
CNFG34,462,40,28,1,2,3,3,16,3,2,54,NA,NA
CNFG35,392,24,23,2,1,3,0,6,2,0,54,NA,NA
CNFG36,478,29,28,0,3,1,1,14,3,0,66,NA,NA
CNFG37,378,35,13,0,0,0,1,10,1,8,23,NA,NA
CNFG38,424,27,17,0,2,3,2,8,0,1,79,NA,NA
CNFG39,550,37,9,0,0,1,0,18,1,9,35,NA,NA
CNFG40,448,24,7,0,0,1,0,11,2,7,54,NA,NA
CNFG41,530,28,10,0,0,2,0,12,1,12,47,NA,NA
CNFG42,424,42,22,0,3,1,1,5,2,1,65,NA,NA
CNFG43,551,43,30,0,5,1,4,8,2,0,74,NA,NA
CNFG44,617,41,31,0,3,4,1,12,3,0,129,NA,NA
CNFG45,566,45,27,0,1,7,2,24,5,11,63,NA,NA
CNFG46,221,25,3,0,0,0,0,8,0,2,10,NA,NA
CNFG47,471,38,27,0,1,3,0,5,3,1,80,NA,NA
CNFG48,636,51,35,1,3,1,1,17,2,4,117,NA,NA
CNFG49,460,28,24,0,2,3,2,10,4,2,80,NA,NA
CNFG50,276,22,4,0,1,1,0,12,4,8,21,NA,NA
CNFG51,405,23,2,1,0,0,0,16,3,10,27,NA,NA
CNFG52,640,45,6,0,0,0,0,22,1,16,30,NA,NA
CNFG53,868,54,34,0,2,5,0,20,3,10,140,NA,NA
CNFG55,442,36,3,0,0,0,0,16,1,14,17,NA,NA
CNFG56,96,6,1,1,0,0,1,5,0,0,5,NA,NA
CNFG57,447,31,14,0,2,4,1,16,5,5,52,NA,NA
CNFG60,100,6,0,0,0,2,0,2,1,0,0,NA,NA
CNFG62,124,13,2,0,0,0,0,11,0,2,0,NA,NA
CNFG64,242,11,0,0,0,0,0,1,0,3,0,NA,NA
CNFG65,172,16,0,0,0,0,0,14,0,11,0,NA,NA
CNFG67,361,24,1,0,0,1,0,3,0,8,0,NA,NA
CNFG71,103,8,0,0,0,2,0,4,0,2,0,NA,NA
CNFH01,715,59,14,3,8,3,1,40,13,4,50,NA,NA
CNFH02,537,41,24,1,3,7,0,14,6,1,88,NA,NA
CNFH03,664,52,29,1,7,2,2,27,8,5,52,NA,NA
CNFH04,625,59,21,0,5,5,2,20,6,0,90,NA,NA
CNFH05,727,60,13,0,4,3,1,19,8,6,77,NA,NA
CNFH06,503,35,17,0,1,2,2,15,1,5,53,NA,NA
CNFH07,556,36,14,0,1,2,0,22,5,7,49,NA,NA
CNFH08,634,50,12,0,1,2,0,24,8,10,63,NA,NA
CNFH09,571,51,14,0,4,3,0,7,1,1,88,NA,NA
CNFH10,556,47,11,0,5,3,2,19,3,1,82,NA,NA
CNFH11,581,45,13,0,4,3,1,28,6,7,60,NA,NA
CNFH12,539,43,24,0,2,3,2,7,1,0,82,NA,NA
CNFH13,483,42,19,0,4,3,3,15,5,2,79,NA,NA
CNFH14,540,28,12,0,2,0,1,12,2,5,43,NA,NA
CNFH15,626,53,11,0,4,1,2,32,8,4,42,NA,NA
CNFH16,633,44,9,2,4,1,0,30,8,9,61,NA,NA
CNFH17,564,39,32,0,4,2,0,13,1,2,75,NA,NA
CNFH18,476,36,15,0,6,4,0,22,7,3,43,NA,NA
CNFH19,710,54,9,1,5,2,1,22,4,2,77,NA,NA
CNFH20,628,35,15,0,1,0,1,16,1,4,79,NA,NA
CNFH21,577,47,6,0,3,2,2,22,4,5,64,NA,NA
CNFH22,471,30,10,0,4,3,1,19,6,2,35,NA,NA
CNFH23,445,40,11,1,2,2,2,14,0,2,49,NA,NA
CNFH24,524,38,9,0,4,2,2,23,6,2,47,NA,NA
CNFH25,694,61,26,0,2,6,1,29,4,12,56,NA,NA
CNFH26,612,46,13,1,5,2,2,26,7,4,51,NA,NA
CNFH27,809,47,12,0,1,2,0,23,10,2,78,NA,NA
CNFH28,773,69,11,0,4,8,1,30,3,1,58,NA,NA
CNFH29,442,32,4,1,2,3,2,12,1,1,46,NA,NA
CNFH30,582,43,24,0,2,2,0,16,3,1,70,NA,NA
CNFH31,578,42,17,2,4,1,0,17,4,6,59,NA,NA
CNFH32,737,61,11,0,2,2,1,29,7,5,56,NA,NA
CNFH33,471,40,12,1,2,1,0,15,2,0,84,NA,NA
CNFH34,734,44,11,0,5,0,2,13,4,3,75,NA,NA
CNFH35,467,34,7,1,3,2,1,16,7,2,46,NA,NA
CNFH36,561,34,8,0,4,0,0,10,2,1,46,NA,NA
CNFH37,658,55,7,0,2,4,0,29,6,6,50,NA,NA
CNFH38,443,27,22,0,5,2,3,13,4,2,66,NA,NA
CNFH39,554,41,15,0,2,2,0,17,1,5,67,NA,NA
CNFH40,639,42,15,1,2,5,0,21,2,3,66,NA,NA
CNFH41,443,34,37,1,1,1,0,12,2,3,39,NA,NA
CNFH42,687,49,9,0,1,2,6,20,1,6,67,NA,NA
CNFH43,568,45,9,2,5,3,0,22,7,3,44,NA,NA
CNFH44,563,48,14,1,5,4,1,24,7,0,68,NA,NA
CNFH45,589,37,49,0,1,1,0,14,2,2,62,NA,NA
CNFH46,778,65,29,0,5,5,1,29,8,10,80,NA,NA
CNFH47,650,44,24,0,1,2,3,18,3,1,67,NA,NA
CNFH48,830,60,22,0,5,2,0,24,3,5,82,NA,NA
CNFH49,795,80,23,3,5,6,4,21,5,5,75,NA,NA
CNFH50,671,59,24,1,6,3,3,22,8,0,88,NA,NA
CNFH51,479,36,18,1,1,1,2,12,3,2,72,NA,NA
CNFJ01,771,72,19,0,7,6,4,29,8,4,62,NA,NA
CNFJ02,601,55,14,0,8,5,3,28,12,4,57,NA,NA
CNFJ03,510,49,10,0,5,4,2,22,7,4,49,NA,NA
CNFJ04,560,54,14,0,5,4,0,17,4,2,58,NA,NA
CNFJ05,727,48,32,1,5,1,3,13,5,0,119,NA,NA
CNFJ06,494,40,14,0,6,3,1,13,3,1,52,NA,NA
CNFJ07,611,55,14,0,3,8,4,20,10,1,97,NA,NA
CNFJ08,696,51,15,0,5,7,2,20,9,2,75,NA,NA
CNFJ09,781,54,19,1,3,0,1,15,4,2,93,NA,NA
CNFJ10,568,37,23,0,1,0,0,17,2,5,46,NA,NA
CNFJ11,598,38,10,0,4,1,1,21,6,10,47,NA,NA
CNFJ12,689,61,17,2,8,8,1,26,7,2,98,NA,NA
CNFJ13,384,36,11,0,2,5,4,17,4,1,49,NA,NA
CNFJ14,619,43,30,0,2,3,1,9,0,0,92,NA,NA
CNFJ15,860,82,19,1,6,10,0,32,9,3,75,NA,NA
CNFJ16,768,60,20,0,3,8,4,24,10,1,89,NA,NA
CNFJ17,542,52,10,2,7,4,3,24,10,0,70,NA,NA
CNFJ18,703,66,24,0,4,6,2,20,6,1,95,NA,NA
CNFJ19,762,63,21,0,8,2,2,20,3,2,109,NA,NA
CNFJ20,764,74,17,0,11,6,0,34,8,2,70,NA,NA
CNFJ21,533,37,10,1,3,1,0,15,2,1,94,NA,NA
CNFJ22,664,59,10,2,7,5,4,25,7,1,70,NA,NA
CNFJ23,694,50,19,0,9,4,0,24,7,2,87,NA,NA
CNFJ24,434,29,7,0,0,1,1,2,1,0,132,NA,NA
CNFJ25,609,42,26,1,3,6,0,14,4,0,83,NA,NA
CNFJ26,533,44,20,0,3,0,1,18,3,10,78,NA,NA
CNFJ27,721,58,32,1,6,1,3,13,4,4,98,NA,NA
CNFJ28,783,54,26,0,3,8,4,25,8,3,93,NA,NA
CNFJ29,602,57,16,1,3,3,2,13,2,0,77,NA,NA
CNFJ30,571,32,16,0,2,3,0,8,2,1,80,NA,NA
CNFJ31,668,62,39,0,2,5,0,20,6,3,79,NA,NA
CNFJ32,697,58,27,0,10,2,2,16,7,0,107,NA,NA
CNFJ33,606,49,10,1,12,4,0,30,10,3,55,NA,NA
CNFJ34,638,52,7,2,4,3,0,24,4,9,43,NA,NA
CNFJ35,599,64,13,1,4,2,0,35,7,4,81,NA,NA
CNFJ36,635,52,30,0,8,4,2,16,5,2,71,NA,NA
CNFJ37,727,72,37,1,6,8,2,30,8,2,81,NA,NA
CNFJ38,622,48,20,0,0,3,2,18,2,1,67,NA,NA
CNFJ39,646,49,24,0,0,4,2,15,3,2,90,NA,NA
CNFJ40,572,57,22,1,5,3,1,24,4,0,70,NA,NA
CNFJ41,547,48,19,0,5,1,2,13,4,3,83,NA,NA
CNFJ42,695,59,19,0,4,1,0,14,5,0,78,NA,NA
CNFJ43,673,58,19,2,7,5,3,21,9,0,88,NA,NA
CNFJ44,660,61,26,0,3,1,6,13,1,0,111,NA,NA
CNFK01,606,59,13,0,0,4,1,16,6,3,44,NA,NA
CNFK02,557,61,16,0,5,2,1,23,4,2,58,NA,NA
CNFK03,719,47,25,0,0,3,3,21,3,7,83,NA,NA
CNFK04,687,46,6,0,3,6,3,22,6,4,64,NA,NA
CNFK05,743,64,11,1,7,2,2,34,11,8,69,NA,NA
CNFK06,758,72,32,0,7,6,3,29,12,4,65,NA,NA
CNFK07,614,50,11,2,1,3,1,22,5,5,62,NA,NA
CNFK08,773,52,17,1,2,1,2,26,6,4,56,NA,NA
CNFK09,802,66,6,0,3,1,0,26,5,16,86,NA,NA
CNFK10,667,51,11,0,1,1,0,17,3,5,74,NA,NA
CNFK11,806,61,12,1,7,5,1,23,5,3,62,NA,NA
CNFK12,648,45,9,0,1,2,1,17,5,6,72,NA,NA
CNFK13,682,45,9,0,2,2,0,22,5,8,72,NA,NA
CNFK14,781,70,7,1,4,1,0,33,4,12,61,NA,NA
CNFK15,666,48,3,0,4,2,1,27,5,5,49,NA,NA
CNFK16,790,70,8,0,1,0,0,25,1,8,60,NA,NA
CNFK17,719,53,15,0,3,1,2,25,2,4,50,NA,NA
CNFK18,721,58,13,0,1,1,0,22,1,3,58,NA,NA
CNFK19,593,50,14,1,5,3,0,20,4,1,59,NA,NA
CNFK20,721,57,22,0,8,3,1,21,9,0,81,NA,NA
CNFK21,665,48,22,0,3,3,1,16,4,1,102,NA,NA
CNFK22,629,55,27,0,3,3,2,15,2,2,87,NA,NA
CNFK23,621,57,14,0,3,4,0,27,4,4,68,NA,NA
CNFK24,623,40,7,0,2,0,0,16,4,4,64,NA,NA
CNFK25,719,59,16,0,2,0,1,37,4,8,55,NA,NA
CNFK26,739,59,11,2,4,1,0,27,3,7,58,NA,NA
CNFK27,708,54,9,0,2,2,3,29,6,5,47,NA,NA
CNFK28,637,54,15,1,2,1,1,23,3,6,57,NA,NA
CNFK29,816,68,11,0,4,2,0,31,7,8,57,NA,NA
CNFK30,836,61,8,1,2,5,0,30,7,10,55,NA,NA
CNFK31,641,50,13,0,3,1,0,18,2,11,53,NA,NA
CNFK32,638,54,14,1,2,4,1,21,3,1,76,NA,NA
CNFK33,524,58,7,1,4,1,1,23,7,6,49,NA,NA
CNFK34,654,51,12,0,2,3,1,17,3,3,65,NA,NA
CNFK35,738,61,2,0,5,4,3,33,13,3,44,NA,NA
CNFK36,645,57,11,0,2,1,0,28,4,5,46,NA,NA
CNFK37,620,51,7,0,1,1,1,29,5,9,53,NA,NA
CNFK38,667,45,15,1,2,0,0,15,1,5,68,NA,NA
CNFK39,707,55,8,0,2,1,0,24,8,1,67,NA,NA
CNFK40,603,56,10,0,5,3,0,24,6,4,55,NA,NA
CNFK41,697,57,12,0,5,4,1,28,10,4,56,NA,NA
CNFK42,618,52,4,2,2,0,0,21,6,7,46,NA,NA
CNFK43,744,62,13,1,2,4,0,32,6,8,58,NA,NA
CNFK44,669,51,13,1,3,5,3,23,8,3,75,NA,NA
CNFK45,699,71,3,1,4,2,1,38,5,2,43,NA,NA
CNFL01,520,43,19,0,7,4,6,22,3,1,63,NA,NA
CNFL02,649,58,23,0,2,4,1,20,6,2,54,NA,NA
CNFL03,456,34,6,1,4,3,2,11,3,3,38,NA,NA
CNFL04,518,42,15,0,3,5,0,15,2,1,56,NA,NA
CNFL05,495,49,20,0,2,4,0,11,2,1,61,NA,NA
CNFL07,580,35,20,2,1,5,1,19,8,1,72,NA,NA
CNFL08,380,30,24,0,1,1,0,1,0,1,57,NA,NA
CNFL09,492,24,17,0,2,0,0,5,3,4,64,NA,NA
CNFL10,588,46,20,1,4,3,1,7,3,0,64,NA,NA
CNFL11,562,50,15,0,7,1,2,21,7,1,43,NA,NA
CNFL12,437,35,19,1,4,4,0,12,4,2,72,NA,NA
CNFL13,851,78,26,0,4,5,1,24,3,5,94,NA,NA
CNFL14,664,55,10,0,4,6,3,20,8,5,79,NA,NA
CNFL15,556,53,21,0,1,5,2,11,1,1,66,NA,NA
CNFL16,625,51,9,0,2,6,5,18,9,2,73,NA,NA
CNFL17,468,46,20,0,3,5,1,15,5,3,50,NA,NA
CNFL18,494,40,14,0,3,2,0,4,2,0,65,NA,NA
CNFL19,428,40,20,0,2,1,2,11,0,2,65,NA,NA
CNFL20,560,56,13,0,2,4,0,13,3,4,64,NA,NA
CNFL21,325,15,4,0,0,0,0,2,1,0,38,NA,NA
CNFL22,521,39,22,0,5,4,2,14,5,0,52,NA,NA
CNFL23,465,34,39,0,2,2,2,8,0,0,60,NA,NA
CNFL24,692,77,31,1,10,8,0,22,13,3,72,NA,NA
CNFL25,407,34,9,0,1,2,0,11,1,5,39,NA,NA
CNFL26,678,45,18,0,3,4,1,11,3,1,79,NA,NA
CNFL27,574,35,19,0,4,1,0,19,6,2,72,NA,NA
CNFL28,508,48,15,0,5,3,0,10,3,2,74,NA,NA
CNFL29,894,54,18,0,4,6,0,26,7,9,96,NA,NA
CNFL30,507,57,28,0,5,3,1,12,2,0,49,NA,NA
CNFL31,434,26,26,0,0,3,3,8,1,1,57,NA,NA
CNFL32,285,19,15,0,3,1,1,2,0,0,30,NA,NA
CNFL33,551,62,14,1,2,4,2,19,6,3,42,NA,NA
CNFL34,466,29,22,0,1,0,0,10,1,5,54,NA,NA
CNFL35,668,32,22,0,1,1,1,12,2,6,79,NA,NA
CNFL36,455,33,13,0,3,1,0,7,3,0,72,NA,NA
CNFL37,387,29,13,0,0,0,0,1,0,0,46,NA,NA
CNFL38,561,50,23,0,4,5,2,18,7,0,92,NA,NA
CNFL39,462,29,25,0,1,4,0,4,1,1,50,NA,NA
CNFL40,724,65,20,1,2,9,2,17,7,1,74,NA,NA
CNFL41,336,29,29,0,1,1,0,3,1,0,67,NA,NA
CNFL42,407,29,24,0,0,1,0,7,2,3,41,NA,NA
CNFL43,589,60,21,0,1,2,1,6,1,2,79,NA,NA
CNFL44,629,55,19,0,1,3,2,7,2,0,76,NA,NA
CNFL45,717,52,26,0,3,3,0,11,2,3,91,NA,NA
CNFL46,599,54,19,0,2,4,0,8,3,0,73,NA,NA
CNFL47,487,54,16,0,1,1,2,4,0,1,67,NA,NA
CNFL48,440,30,15,0,1,3,1,5,2,1,63,NA,NA
CNFL49,338,40,13,0,2,1,1,4,2,0,71,NA,NA
CNFL50,599,59,17,0,4,1,3,10,4,0,98,NA,NA
CNFL51,314,33,14,0,0,3,0,6,3,0,35,NA,NA
CNFL52,593,54,26,0,2,6,1,10,3,3,70,NA,NA
CNFM01,885,64,29,0,1,0,2,21,1,8,101,NA,NA
CNFM02,672,48,3,0,0,0,0,22,1,22,49,NA,NA
CNFM03,713,68,4,0,0,0,0,31,3,18,36,NA,NA
CNFM04,641,48,6,0,0,0,0,21,2,19,50,NA,NA
CNFM05,542,46,2,0,2,0,0,29,0,17,39,NA,NA
CNFM06,611,46,3,0,2,1,1,25,2,10,60,NA,NA
CNFM07,674,47,9,0,2,0,0,28,3,17,62,NA,NA
CNFM08,600,50,8,0,2,0,0,23,2,18,49,NA,NA
CNFM09,519,41,7,1,1,0,0,19,2,15,35,NA,NA
CNFM10,561,37,3,0,1,0,0,22,2,19,38,NA,NA
CNFM11,578,44,7,0,1,0,2,27,0,17,45,NA,NA
CNFM12,541,34,8,0,2,1,0,20,3,12,47,NA,NA
CNFM13,351,25,7,0,0,3,1,15,2,4,38,NA,NA
CNFM14,505,43,4,1,2,0,1,22,2,9,52,NA,NA
CNFM15,629,47,4,0,0,0,0,19,2,11,89,NA,NA
CNFM16,396,38,10,0,0,2,1,9,2,8,57,NA,NA
CNFM17,422,24,4,0,1,0,0,13,2,7,36,NA,NA
CNFM18,442,31,16,1,1,1,1,15,1,6,42,NA,NA
CNFM19,528,53,6,0,0,0,2,28,5,21,42,NA,NA
CNFM20,787,47,10,0,0,1,1,19,2,8,79,NA,NA
CNFM21,554,47,10,0,0,0,0,18,0,16,40,NA,NA
CNFM22,469,37,17,0,6,4,1,14,4,1,43,NA,NA
CNFM23,543,52,12,0,3,2,0,23,4,6,43,NA,NA
CNFM24,530,47,9,1,1,1,1,22,4,7,36,NA,NA
CNFM25,585,42,10,0,3,1,0,12,3,5,70,NA,NA
CNFM26,625,43,27,0,1,4,0,23,2,8,93,NA,NA
CNFM27,657,42,10,0,4,3,0,19,3,7,78,NA,NA
CNFM28,795,58,41,1,7,7,2,30,7,10,115,NA,NA
CNFM29,636,50,13,0,6,3,0,24,8,8,82,NA,NA
CNFM30,793,65,25,0,3,5,1,27,3,5,119,NA,NA
CNFM31,463,26,17,0,1,0,0,4,1,1,100,NA,NA
CNFM32,405,26,11,0,2,0,0,14,1,10,32,NA,NA
CNFM33,469,36,4,0,2,3,1,22,4,8,34,NA,NA
CNFM34,685,54,37,1,9,3,1,19,7,3,80,NA,NA
CNFM35,712,54,11,2,9,1,0,27,6,3,100,NA,NA
CNFM36,666,45,23,0,2,0,0,11,3,5,102,NA,NA
CNFM37,670,51,8,0,1,2,0,26,4,12,59,NA,NA
CNFM38,601,54,8,0,5,4,1,26,3,1,57,NA,NA
CNFM39,526,36,20,0,3,3,2,8,2,2,73,NA,NA
CNFM40,517,37,16,1,2,2,1,10,2,1,89,NA,NA
CNFM41,661,51,15,1,4,4,1,16,5,2,82,NA,NA
CNFM42,381,24,13,0,2,2,0,11,2,2,46,NA,NA
CNFM43,628,51,10,1,3,1,1,26,5,6,45,NA,NA
CNFM44,580,55,18,0,4,3,1,18,4,1,71,NA,NA
CNFM45,685,50,18,0,7,5,4,25,8,3,75,NA,NA
CNFM46,559,51,18,1,8,4,5,25,10,3,72,NA,NA
CNFM47,626,47,12,1,2,2,2,28,7,13,54,NA,NA
CNFN01,642,48,21,2,6,4,5,18,8,0,69,NA,NA
CNFN02,493,38,6,0,3,1,3,12,1,0,34,NA,NA
CNFN03,541,52,12,1,3,3,2,13,5,0,79,NA,NA
CNFN04,391,44,15,0,2,1,1,10,3,1,46,NA,NA
CNFN05,472,58,7,1,3,0,1,13,4,0,54,NA,NA
CNFN06,620,53,17,1,5,1,0,23,8,4,51,NA,NA
CNFN07,683,67,24,0,6,10,1,29,13,1,81,NA,NA
CNFN08,739,53,21,0,5,6,2,23,6,0,81,NA,NA
CNFN09,466,33,15,1,6,5,0,19,5,2,46,NA,NA
CNFN10,633,55,7,4,6,1,3,30,10,3,35,NA,NA
CNFN11,398,28,10,0,2,5,0,8,3,0,63,NA,NA
CNFN12,569,69,13,2,6,1,2,15,2,0,60,NA,NA
CNFN13,686,49,20,2,4,5,2,29,6,1,80,NA,NA
CNFN14,499,50,10,2,2,1,1,15,4,2,46,NA,NA
CNFN15,590,48,8,1,3,2,2,26,5,2,45,NA,NA
CNFN16,582,43,4,1,5,5,1,19,8,3,63,NA,NA
CNFN17,648,61,7,1,9,2,4,26,10,0,58,NA,NA
CNFN18,530,40,23,1,2,5,1,20,5,0,75,NA,NA
CNFN19,551,39,14,1,4,4,0,15,3,2,68,NA,NA
CNFN20,704,63,14,1,9,2,0,41,8,2,61,NA,NA
CNFN21,713,55,11,2,7,3,1,31,7,1,57,NA,NA
CNFN22,830,65,23,0,7,4,0,32,10,4,60,NA,NA
CNFN23,638,56,11,1,1,2,1,30,5,7,53,NA,NA
CNFN24,620,55,11,1,5,1,1,27,9,0,67,NA,NA
CNFN25,571,37,15,0,0,2,1,9,4,0,89,NA,NA
CNFN26,689,58,10,0,5,0,1,27,3,3,68,NA,NA
CNFN27,696,59,26,1,5,0,1,24,13,3,70,NA,NA
CNFN28,630,52,6,0,3,2,0,27,3,6,50,NA,NA
CNFN29,656,41,9,0,5,1,0,21,6,3,59,NA,NA
CNFN30,709,49,18,0,3,3,2,26,6,1,92,NA,NA
CNFN31,588,38,13,0,2,4,2,18,9,2,80,NA,NA
CNFN32,613,47,27,1,1,7,1,13,2,1,95,NA,NA
CNFN33,653,47,17,1,6,3,2,21,7,3,62,NA,NA
CNFN34,634,46,17,1,4,2,0,13,3,1,57,NA,NA
CNFN35,689,52,16,1,5,5,1,26,7,2,60,NA,NA
CNFN36,505,40,14,0,4,1,1,13,4,0,78,NA,NA
CNFN37,667,46,15,2,4,5,1,22,3,0,72,NA,NA
CNFN38,674,58,23,2,8,3,4,30,10,1,72,NA,NA
CNFN39,607,62,26,1,7,8,5,23,9,0,79,NA,NA
CNFN40,586,50,17,0,6,5,2,21,7,0,87,NA,NA
CNFN41,532,49,29,0,7,4,1,12,4,0,76,NA,NA
CNFN42,737,63,26,0,7,5,3,24,6,0,89,NA,NA
CNFN43,525,47,21,0,6,3,0,15,3,0,71,NA,NA
CNFN44,575,39,23,0,1,1,3,12,1,0,74,NA,NA
CNFN45,487,36,8,0,6,1,2,18,6,0,56,NA,NA
CNFN46,707,52,31,3,3,4,1,26,8,5,94,NA,NA
CNFN47,841,64,25,2,6,5,1,34,8,4,99,NA,NA
CNFN48,653,53,20,0,4,4,5,18,3,1,83,NA,NA
CNFN49,747,51,22,0,6,5,3,22,6,0,123,NA,NA
CNFN50,633,51,22,0,3,6,3,23,8,2,96,NA,NA
CNFN51,389,29,13,0,6,2,2,8,1,0,32,NA,NA
CNFP01,514,39,14,0,4,4,0,17,4,2,53,NA,NA
CNFP02,553,35,10,1,2,5,0,18,5,2,66,NA,NA
CNFP03,537,44,26,0,8,2,1,20,10,0,92,NA,NA
CNFP04,681,51,21,2,4,4,1,20,6,5,59,NA,NA
CNFP05,571,55,18,0,11,6,3,28,6,0,86,NA,NA
CNFP06,553,38,16,0,4,1,0,15,4,0,69,NA,NA
CNFP07,715,63,23,1,6,9,1,29,10,0,64,NA,NA
CNFP08,535,38,18,0,5,4,1,10,3,0,78,NA,NA
CNFP09,542,39,31,0,3,3,3,19,6,0,99,NA,NA
CNFP10,589,53,21,1,5,2,3,13,5,0,70,NA,NA
CNFP11,742,60,26,3,1,4,2,28,7,3,82,NA,NA
CNFP12,473,37,10,1,2,4,0,15,4,2,52,NA,NA
CNFP13,585,45,30,0,5,6,1,15,6,0,92,NA,NA
CNFP14,576,35,13,0,4,6,0,13,6,1,67,NA,NA
CNFP15,584,48,11,0,3,5,3,17,5,0,42,NA,NA
CNFP16,840,76,43,0,7,5,3,25,7,0,98,NA,NA
CNFP17,527,43,37,1,3,6,1,11,6,0,110,NA,NA
CNFP18,631,49,29,0,5,6,2,16,8,0,97,NA,NA
CNFP19,710,55,43,1,4,4,3,15,4,0,130,NA,NA
CNFP20,506,30,30,0,2,3,0,8,3,0,92,NA,NA
CNFP21,618,48,22,1,5,4,2,23,9,0,101,NA,NA
CNFP22,325,17,16,0,3,2,1,7,3,0,27,NA,NA
CNFP23,442,34,18,1,7,1,2,14,5,0,44,NA,NA
CNFP24,513,40,18,0,2,4,1,11,4,0,72,NA,NA
CNFP25,421,29,19,0,1,8,2,15,10,0,50,NA,NA
CNFP26,619,56,36,0,4,5,2,15,5,1,88,NA,NA
CNFP27,337,26,13,0,4,3,0,10,3,1,30,NA,NA
CNFP28,555,39,19,0,4,4,1,12,4,0,77,NA,NA
CNFP29,637,65,17,0,8,4,5,21,5,0,74,NA,NA
CNFP30,610,42,26,1,3,3,1,12,3,0,73,NA,NA
CNFP31,603,41,26,0,6,5,1,17,9,2,86,NA,NA
CNFP32,643,59,25,1,5,13,4,24,9,0,63,NA,NA
CNFP33,391,30,17,0,4,5,0,11,4,0,44,NA,NA
CNFP34,397,24,27,0,2,2,0,5,3,0,91,NA,NA
CNFP35,629,51,12,0,6,5,2,22,4,3,91,NA,NA
CNFP36,652,54,26,1,1,2,1,18,4,0,100,NA,NA
CNFP37,527,41,13,0,5,6,2,20,6,2,79,NA,NA
CNFP38,552,53,19,1,4,2,1,14,6,0,90,NA,NA
CNFP39,676,54,35,1,5,5,2,18,4,1,137,NA,NA
CNFP40,509,39,17,1,1,3,3,13,5,0,78,NA,NA
CNFP41,597,55,21,3,2,6,1,24,11,0,88,NA,NA
CNFP42,728,54,20,1,11,6,3,28,11,0,80,NA,NA
CNFQ01,419,40,21,0,3,1,1,10,6,2,62,NA,NA
CNFQ02,656,57,26,0,3,4,3,13,5,0,90,NA,NA
CNFQ03,388,38,15,0,2,4,1,11,2,0,45,NA,NA
CNFQ04,730,46,33,0,5,5,3,21,6,2,112,NA,NA
CNFQ05,536,40,11,1,0,2,0,8,2,0,67,NA,NA
CNFQ06,629,40,17,1,2,3,1,12,2,3,84,NA,NA
CNFQ07,527,42,1,0,0,1,0,26,2,16,34,NA,NA
CNFQ08,588,47,31,0,4,5,2,16,4,0,95,NA,NA
CNFQ09,649,48,13,2,2,2,1,24,2,3,54,NA,NA
CNFQ10,724,67,8,1,8,3,2,37,11,9,30,NA,NA
CNFQ11,798,70,12,2,3,3,0,34,13,18,45,NA,NA
CNFQ12,643,52,8,0,2,0,1,22,2,10,63,NA,NA
CNFQ13,505,36,3,1,4,4,1,24,5,1,42,NA,NA
CNFQ14,493,37,10,1,1,4,2,22,7,7,43,NA,NA
CNFQ15,647,52,15,3,4,6,1,29,7,4,47,NA,NA
CNFQ16,598,47,11,0,4,2,0,20,4,4,46,NA,NA
CNFQ17,599,45,18,0,5,2,0,18,5,1,53,NA,NA
CNFQ18,494,37,22,1,3,2,1,10,5,2,76,NA,NA
CNFQ19,532,40,20,1,4,4,1,9,2,1,49,NA,NA
CNFQ20,494,48,19,1,1,4,0,7,4,0,77,NA,NA
CNFQ21,809,58,15,2,3,2,0,31,8,13,73,NA,NA
CNFQ22,915,65,16,1,2,5,1,38,5,4,51,NA,NA
CNFQ23,632,49,17,0,1,3,2,13,2,2,74,NA,NA
CNFQ24,711,53,10,1,6,4,1,29,11,4,42,NA,NA
CNFQ25,655,53,25,0,6,2,3,21,4,1,56,NA,NA
CNFQ26,551,36,20,0,2,0,2,11,5,1,76,NA,NA
CNFQ27,534,39,2,0,7,3,0,18,8,0,42,NA,NA
CNFQ28,580,51,30,0,2,5,1,14,5,1,84,NA,NA
CNFQ29,560,52,14,2,5,5,2,19,10,0,74,NA,NA
CNFQ30,577,44,17,2,3,2,2,21,5,0,58,NA,NA
CNFQ31,614,42,26,0,6,2,2,19,5,3,94,NA,NA
CNFQ32,659,69,19,0,10,3,2,18,6,1,85,NA,NA
CNFQ33,682,69,21,1,4,4,1,16,6,0,82,NA,NA
CNFQ34,742,71,23,2,5,4,0,22,8,0,112,NA,NA
CNFQ35,695,52,20,0,3,6,5,23,7,0,79,NA,NA
CNFQ36,530,55,17,0,2,3,2,16,5,1,98,NA,NA
CNFQ37,769,65,27,0,3,2,1,26,4,2,101,NA,NA
CNFQ38,429,32,23,1,4,4,1,12,6,1,50,NA,NA
CNFQ39,655,51,16,0,3,3,1,14,5,4,68,NA,NA
CNFQ40,593,49,11,0,2,2,1,14,4,4,71,NA,NA
CNFQ41,562,58,10,0,6,3,1,25,5,3,41,NA,NA
CNFQ42,549,64,9,0,2,5,0,7,3,0,55,NA,NA
CNFQ43,399,26,13,1,4,3,1,9,2,0,48,NA,NA
CNFQ44,681,72,16,0,2,4,0,13,1,1,90,NA,NA
CNFQ45,283,24,11,0,0,2,1,4,2,0,47,NA,NA
CNFR01,585,43,21,0,5,5,3,19,9,3,81,NA,NA
CNFR02,733,56,32,0,6,5,2,22,11,0,112,NA,NA
CNFR03,546,44,29,0,5,3,2,13,4,0,72,NA,NA
CNFR04,796,63,33,3,2,7,4,23,7,0,130,NA,NA
CNFR05,708,61,27,2,3,4,0,12,5,2,100,NA,NA
CNFR06,597,50,20,0,4,5,1,20,7,2,85,NA,NA
CNFR07,604,55,21,0,9,6,1,27,14,2,66,NA,NA
CNFR08,576,62,28,3,7,4,2,20,10,0,92,NA,NA
CNFR09,609,48,23,1,4,5,3,17,3,2,99,NA,NA
CNFR10,710,53,29,0,3,5,0,9,4,1,115,NA,NA
CNFR11,568,55,32,1,4,7,0,19,8,2,84,NA,NA
CNFR12,537,42,25,0,1,4,1,17,4,0,67,NA,NA
CNFR13,719,59,33,0,5,2,1,15,7,0,101,NA,NA
CNFR14,730,56,32,1,9,1,4,14,5,1,111,NA,NA
CNFR15,676,53,26,1,8,7,0,18,4,0,75,NA,NA
CNFR16,738,50,22,0,9,5,4,29,11,0,102,NA,NA
CNFR17,720,61,39,0,3,4,1,12,1,1,130,NA,NA
CNFR18,624,52,25,1,6,6,2,19,7,0,78,NA,NA
CNFR19,591,40,25,1,1,5,0,13,7,0,72,NA,NA
CNFR20,636,52,18,1,6,4,3,23,11,1,81,NA,NA
CNFR21,574,50,28,0,9,5,1,15,7,0,84,NA,NA
CNFR22,536,41,16,0,2,4,2,13,6,0,80,NA,NA
CNFR23,719,63,29,1,8,5,3,17,5,0,99,NA,NA
CNFR24,681,60,30,1,9,6,3,27,5,0,91,NA,NA
CNFR25,574,54,24,0,5,5,4,16,3,0,79,NA,NA
CNFR26,581,53,28,0,3,3,1,10,2,0,77,NA,NA
CNFR27,645,51,26,0,4,3,1,11,1,1,113,NA,NA
CNFR28,532,46,27,1,3,2,0,13,6,3,80,NA,NA
CNFR29,686,41,20,1,1,0,1,15,1,2,98,NA,NA
CNFR30,943,81,14,1,5,3,2,42,7,13,38,NA,NA
CNFR31,718,49,13,0,4,2,0,12,3,0,99,NA,NA
CNFR32,545,43,22,0,1,3,1,9,3,1,73,NA,NA
CNFR33,616,49,15,1,4,2,1,22,2,4,60,NA,NA
CNFR34,568,37,29,0,5,1,1,12,6,0,144,NA,NA
CNFR35,543,44,21,0,0,3,0,17,1,0,116,NA,NA
CNFR36,629,61,26,1,6,1,1,16,3,0,86,NA,NA
CNFR37,636,55,29,0,7,4,3,21,7,1,111,NA,NA
CNFR38,582,58,25,2,5,6,2,19,4,0,82,NA,NA
CNFR39,512,47,23,1,3,2,2,9,0,0,84,NA,NA
CNFR40,517,56,20,1,3,0,0,7,2,0,63,NA,NA
CNFR41,568,47,15,1,2,2,0,10,3,0,72,NA,NA
CNFR42,718,60,29,2,3,4,4,22,4,1,88,NA,NA
CNFR43,510,44,10,0,2,3,0,13,2,2,60,NA,NA
CNFR44,469,47,25,0,3,3,2,6,3,0,65,NA,NA
CNFR45,414,46,12,1,3,4,0,10,2,0,50,NA,NA
CNFR46,536,41,11,0,2,4,1,10,4,3,61,NA,NA
CNFR47,596,41,7,0,1,1,2,16,4,3,59,NA,NA
CNFR48,538,55,20,1,3,3,1,20,4,1,97,NA,NA
CNFR49,514,39,17,2,6,2,1,19,8,1,67,NA,NA
CNFR50,488,35,10,0,3,2,0,12,5,4,45,NA,NA
CNFR51,670,55,19,0,2,5,2,21,7,0,50,NA,NA
CNFR52,626,39,4,2,4,2,1,19,1,3,64,NA,NA
CNFR53,704,49,14,0,6,1,1,26,9,9,66,NA,NA
CNFS01,581,51,18,1,1,0,2,16,1,8,58,NA,NA
CNFS02,588,54,10,0,8,3,0,24,8,10,47,NA,NA
CNFS03,618,43,8,0,3,3,2,16,5,5,48,NA,NA
CNFS04,632,52,15,2,2,4,2,25,7,9,62,NA,NA
CNFS05,518,55,9,0,1,2,2,17,3,14,44,NA,NA
CNFS06,811,69,26,0,4,6,4,34,11,13,79,NA,NA
CNFS07,471,33,13,0,2,3,0,8,4,3,65,NA,NA
CNFS08,664,64,26,1,5,5,2,21,3,3,50,NA,NA
CNFS09,625,69,9,0,2,11,1,21,8,2,50,NA,NA
CNFS10,785,70,24,0,5,6,4,23,8,3,95,NA,NA
CNFS11,752,56,29,0,0,3,3,8,2,4,93,NA,NA
CNFS12,389,33,20,0,2,0,1,3,2,1,47,NA,NA
CNFS13,514,39,30,0,2,2,1,14,1,5,78,NA,NA
CNFS14,456,40,18,0,3,1,2,10,3,0,74,NA,NA
CNFS15,525,47,48,0,1,2,2,7,0,0,69,NA,NA
CNFS16,359,24,16,0,2,1,1,9,4,0,39,NA,NA
CNFS18,205,19,3,0,1,1,0,11,0,2,11,NA,NA
CNFS19,568,33,7,1,3,3,2,17,5,5,29,NA,NA
CNFS20,561,30,13,2,2,3,0,16,2,7,33,NA,NA
CNFS21,587,55,10,1,0,2,1,16,7,4,43,NA,NA
CNFS22,571,33,19,0,3,0,1,7,1,5,61,NA,NA
CNFS23,533,38,24,0,2,3,1,14,4,7,58,NA,NA
CNFS24,411,33,12,0,1,5,1,12,6,1,34,NA,NA
CNFS25,365,42,16,0,3,4,0,14,3,4,39,NA,NA
CNFS26,548,51,14,1,3,1,1,13,4,4,69,NA,NA
CNFS27,313,22,12,0,1,0,0,7,0,3,13,NA,NA
CNFS28,500,41,14,0,2,0,0,13,2,4,29,NA,NA
CNFS29,322,24,9,0,2,1,0,15,4,2,16,NA,NA
CNFS30,409,26,14,0,2,3,0,14,4,4,36,NA,NA
CNFS31,437,35,6,0,0,1,0,16,0,10,33,NA,NA
CNFS32,444,34,26,0,2,0,0,15,3,13,45,NA,NA
CNFS33,637,51,16,0,2,3,0,28,6,13,43,NA,NA
CNFS34,512,45,24,1,3,3,0,14,4,1,70,NA,NA
CNFS35,456,29,18,0,2,3,1,8,3,0,45,NA,NA
CNFS36,527,38,17,0,3,0,0,10,1,2,91,NA,NA
CNFS37,251,24,10,0,1,3,0,5,1,0,57,NA,NA
CNFS38,442,28,15,0,5,2,0,8,3,1,53,NA,NA
CNFS39,456,46,4,0,4,2,1,11,1,0,23,NA,NA
CNFS40,319,28,12,1,3,2,1,5,2,0,45,NA,NA
CNFS41,404,36,5,0,2,3,0,9,4,0,51,NA,NA
CNFS42,301,29,12,0,1,2,0,6,0,1,42,NA,NA
CNFS43,268,14,4,0,1,0,2,10,0,4,36,NA,NA
CNFS44,206,15,8,0,0,3,1,8,0,1,25,NA,NA
CNFS45,467,50,11,0,3,2,2,10,0,4,50,NA,NA
CNFS46,349,24,12,0,3,2,2,7,2,0,42,NA,NA
CNFS47,502,36,8,0,1,3,0,9,0,3,56,NA,NA
CNFS48,567,42,29,1,1,4,2,13,2,3,63,NA,NA
CNFS49,488,45,17,0,2,1,0,7,3,1,55,NA,NA
CNFS50,443,43,14,0,1,3,1,8,1,0,66,NA,NA
CNFS51,480,27,18,1,1,3,1,9,0,2,46,NA,NA
CNFS52,505,38,17,0,3,4,1,17,5,1,74,NA,NA
CNFS53,490,44,24,0,0,3,3,2,1,0,67,NA,NA
CNFS54,505,25,23,0,0,1,0,5,1,0,76,NA,NA
CNFS55,520,31,26,0,2,2,1,14,2,4,51,NA,NA
CNFS56,423,27,20,1,1,2,1,11,2,2,60,NA,NA
CNFS57,470,54,15,0,2,5,2,14,4,2,71,NA,NA
CNFS58,462,29,19,0,2,0,4,7,1,0,89,NA,NA
CNFS59,365,28,7,0,2,2,0,7,3,1,29,NA,NA
CNFS60,307,27,14,1,0,0,1,3,0,0,39,NA,NA
CNFS61,486,37,18,0,3,4,2,13,3,1,67,NA,NA
CNFS63,403,26,10,0,3,3,2,11,4,2,53,NA,NA
CNFS64,253,12,38,0,3,2,2,1,1,0,0,NA,NA
CNFS70,103,7,0,0,0,0,0,0,0,1,0,NA,NA
CNFT01,568,44,28,2,2,6,3,16,5,1,75,NA,NA
CNFT02,620,48,17,0,2,0,3,15,3,1,62,NA,NA
CNFT03,556,53,12,0,5,4,2,18,3,0,72,NA,NA
CNFT04,690,92,21,1,5,6,1,25,8,0,117,NA,NA
CNFT05,583,60,19,0,2,5,0,14,4,0,84,NA,NA
CNFT06,500,32,21,0,5,3,3,13,3,1,58,NA,NA
CNFT07,512,46,18,1,3,4,2,12,2,0,68,NA,NA
CNFT08,653,43,26,2,3,5,1,17,6,4,80,NA,NA
CNFT10,797,57,236,0,1,1,0,8,2,1,24,NA,NA
CNFT11,533,41,22,0,4,1,3,8,2,0,60,NA,NA
CNFT12,648,43,7,0,3,4,1,21,9,2,65,NA,NA
CNFT13,540,52,6,3,4,2,3,26,6,2,62,NA,NA
CNFT14,669,56,20,0,5,8,2,30,4,6,82,NA,NA
CNFT15,674,54,17,0,3,4,3,19,5,2,64,NA,NA
CNFT16,529,42,10,0,4,3,0,23,4,0,45,NA,NA
CNFT17,921,87,29,0,5,2,4,22,6,1,110,NA,NA
CNFT18,696,63,27,0,6,4,1,29,8,3,67,NA,NA
CNFT19,475,38,7,1,6,4,0,18,6,3,39,NA,NA
CNFT20,392,30,10,0,1,3,2,3,1,0,45,NA,NA
CNFT21,411,26,15,0,3,3,1,11,3,0,59,NA,NA
CNFT22,675,54,10,2,6,5,0,24,13,3,62,NA,NA
CNFT23,576,50,17,0,3,5,1,23,11,2,43,NA,NA
CNFT24,629,52,7,2,7,2,1,21,4,1,52,NA,NA
CNFT25,634,51,20,1,4,4,5,25,6,3,75,NA,NA
CNFT26,628,50,15,0,7,2,3,25,9,1,54,NA,NA
CNFT27,584,44,10,1,4,2,0,21,3,4,48,NA,NA
CNFT28,668,57,15,1,8,8,2,34,13,4,80,NA,NA
CNFT29,540,40,9,1,3,2,2,22,7,5,46,NA,NA
CNFT30,574,31,4,1,5,5,0,20,9,2,35,NA,NA
CNFT31,548,49,12,1,6,2,1,20,4,5,45,NA,NA
CNFT32,706,48,14,0,0,3,2,16,1,3,57,NA,NA
CNFT33,607,44,15,2,1,3,0,16,5,2,105,NA,NA
CNFT34,636,47,13,0,1,3,2,14,5,2,88,NA,NA
CNFT35,656,43,9,2,4,4,0,22,9,5,61,NA,NA
CNFT36,506,39,12,1,3,4,1,15,7,1,80,NA,NA
CNFT37,479,42,15,0,6,2,2,11,3,0,78,NA,NA
CNFT38,722,71,9,1,8,8,2,32,13,4,72,NA,NA
CNFT39,606,47,9,2,4,5,2,20,7,0,52,NA,NA
CNFT40,678,67,11,0,2,8,2,30,14,4,55,NA,NA
CNFT41,597,48,13,0,2,4,1,20,9,0,79,NA,NA
CNFT42,676,52,8,1,3,7,1,34,7,3,62,NA,NA
CNFT43,614,43,11,0,6,2,0,17,4,3,77,NA,NA
CNFT44,578,53,3,0,8,7,1,33,12,2,61,NA,NA
CNFT45,725,59,14,2,3,4,0,34,10,8,71,NA,NA
CNFT46,673,60,18,1,3,4,3,14,5,0,106,NA,NA
CNFT47,751,55,30,0,5,8,6,19,4,0,99,NA,NA
CNFU01,599,51,22,0,4,2,2,18,6,10,67,NA,NA
CNFU02,497,47,15,2,2,4,0,12,4,0,40,NA,NA
CNFU03,635,66,20,0,2,5,0,15,6,2,59,NA,NA
CNFU04,398,58,6,0,0,3,1,8,5,3,36,NA,NA
CNFU05,490,32,17,0,0,3,0,7,1,2,43,NA,NA
CNFU06,452,44,18,0,1,2,0,7,3,6,56,NA,NA
CNFU07,428,38,21,1,1,2,2,8,2,1,55,NA,NA
CNFU08,627,50,5,0,2,0,0,27,5,13,23,NA,NA
CNFU09,660,51,5,0,1,0,1,24,3,22,44,NA,NA
CNFU10,429,30,9,0,1,0,0,13,1,12,24,NA,NA
CNFU11,463,33,10,0,0,2,0,13,1,11,18,NA,NA
CNFU12,316,11,17,1,0,0,1,5,1,4,33,NA,NA
CNFU13,331,28,11,0,0,1,1,10,0,3,37,NA,NA
CNFU14,638,44,29,0,0,1,1,12,0,9,85,NA,NA
CNFU15,449,40,6,0,1,0,0,17,1,14,41,NA,NA
CNFU16,532,46,9,0,4,4,1,20,1,9,42,NA,NA
CNFU17,678,45,8,0,1,2,0,19,5,11,70,NA,NA
CNFU18,439,36,13,0,1,1,2,17,1,10,60,NA,NA
CNFU19,606,34,10,1,0,1,0,21,1,16,43,NA,NA
CNFU20,491,38,24,0,2,3,0,11,3,5,39,NA,NA
CNFU21,517,32,26,0,0,0,0,15,1,14,38,NA,NA
CNFU22,513,39,22,0,1,1,0,16,1,12,68,NA,NA
CNFU23,582,51,10,0,1,2,1,23,3,12,50,NA,NA
CNFU24,643,51,16,0,4,4,1,26,4,15,45,NA,NA
CNFU25,605,55,31,0,2,2,1,21,4,5,72,NA,NA
CNFU26,604,58,14,0,2,2,1,24,1,13,56,NA,NA
CNFU27,531,45,16,0,3,3,0,17,5,9,52,NA,NA
CNFU28,434,40,14,0,2,4,3,12,0,2,61,NA,NA
CNFU29,545,44,20,0,1,2,3,21,4,4,59,NA,NA
CNFU30,605,40,23,0,1,1,0,17,2,11,89,NA,NA
CNFU31,373,42,8,1,0,1,0,24,1,17,23,NA,NA
CNFU32,489,38,1,0,1,2,0,20,2,11,22,NA,NA
CNFU33,702,47,24,0,0,0,0,23,0,18,28,NA,NA
CNFU34,570,41,13,0,2,0,0,19,2,12,53,NA,NA
CNFU35,420,35,22,0,1,1,1,13,4,3,38,NA,NA
CNFU36,792,57,17,0,0,1,0,19,1,18,60,NA,NA
CNFU37,676,51,16,2,1,2,0,25,4,16,67,NA,NA
CNFU38,620,48,26,0,3,3,1,12,2,1,85,NA,NA
CNFU39,332,27,8,0,1,0,0,15,1,8,14,NA,NA
CNFU40,538,42,11,0,2,0,0,20,1,14,49,NA,NA
CNFU41,664,62,13,1,2,4,0,25,3,7,46,NA,NA
CNFU42,675,51,13,0,0,3,0,19,1,13,46,NA,NA
CNFU43,523,41,23,1,2,5,1,23,4,4,50,NA,NA
CNFU44,703,59,33,0,4,2,1,28,2,11,70,NA,NA
CNFU45,601,45,22,0,1,4,1,24,2,8,53,NA,NA
CNFU46,536,45,13,0,3,1,1,19,2,10,43,NA,NA
CNFU47,754,63,21,0,1,5,1,29,5,10,81,NA,NA
CNFU48,596,48,19,0,2,3,2,25,5,8,75,NA,NA
CNFU49,728,64,9,0,4,3,0,26,3,11,49,NA,NA
CNFU52,69,4,11,0,0,0,0,1,0,0,0,NA,NA
CNFW01,514,55,26,0,2,4,5,10,1,0,80,NA,NA
CNFW02,503,46,20,0,1,2,1,8,3,1,82,NA,NA
CNFW03,601,50,20,0,1,5,2,9,3,2,89,NA,NA
CNFW04,439,34,12,1,2,2,2,10,1,7,40,NA,NA
CNFW05,629,37,27,0,2,4,2,12,3,0,92,NA,NA
CNFW06,534,36,25,1,8,6,4,19,10,0,78,NA,NA
CNFW07,589,47,37,0,6,6,2,12,4,0,87,NA,NA
CNFW08,160,11,4,1,0,0,0,10,0,0,15,NA,NA
CNFW09,316,20,15,0,1,2,1,6,2,0,37,NA,NA
CNFW10,559,49,23,1,4,5,4,17,4,1,75,NA,NA
CNFW11,400,30,18,0,2,0,2,7,1,0,47,NA,NA
CNFW12,327,31,10,0,1,2,1,7,1,0,44,NA,NA
CNFW13,356,30,14,0,2,6,2,6,1,0,38,NA,NA
CNFW14,267,27,6,0,3,2,1,6,1,0,17,NA,NA
CNFW15,265,14,4,0,1,1,2,5,4,0,37,NA,NA
CNFW16,469,29,17,0,0,5,6,15,5,2,79,NA,NA
CNFW17,198,9,7,0,0,3,0,2,0,0,34,NA,NA
CNFW18,98,5,4,0,1,0,0,3,1,2,5,NA,NA
CNFW19,284,17,14,1,1,2,1,6,3,0,37,NA,NA
CNFW20,352,22,15,0,1,3,4,4,3,2,42,NA,NA
CNFW21,566,48,28,0,3,3,4,13,3,0,83,NA,NA
CNFW22,408,31,12,1,2,3,0,5,3,0,42,NA,NA
CNFW23,431,44,22,1,2,0,0,2,2,0,67,NA,NA
CNFW24,421,43,20,0,0,0,1,4,0,0,53,NA,NA
CNFW25,897,98,35,0,3,6,3,18,7,2,115,NA,NA
CNFW26,801,79,39,0,4,7,1,17,7,0,114,NA,NA
CNFW27,874,75,51,0,2,2,2,12,3,0,121,NA,NA
CNFW28,576,65,21,0,1,4,1,7,3,0,94,NA,NA
CNFW29,599,80,28,0,2,4,1,4,0,0,73,NA,NA
CNFW30,554,36,19,0,2,3,1,12,5,0,61,NA,NA
CNFW31,514,42,10,0,3,3,1,8,5,1,52,NA,NA
CNFW32,657,56,25,1,5,6,0,17,5,1,59,NA,NA
CNFW33,747,65,26,0,6,2,1,20,3,0,108,NA,NA
CNFW34,489,49,17,0,4,8,2,18,10,0,61,NA,NA
CNFW35,316,28,13,0,0,1,1,4,1,1,47,NA,NA
CNFW36,583,57,22,0,2,6,2,16,6,3,79,NA,NA
CNFW37,653,41,23,0,5,4,2,14,4,2,80,NA,NA
CNFW38,498,38,14,0,6,3,1,20,2,2,48,NA,NA
CNFW39,165,11,10,0,1,0,1,2,0,0,4,NA,NA
CNFW40,605,45,15,0,3,1,1,13,5,2,51,NA,NA
CNFW41,513,47,22,0,2,4,1,9,4,0,83,NA,NA
CNFW42,593,47,17,1,1,6,1,11,7,3,68,NA,NA
CNFW43,726,51,29,0,3,7,0,18,4,0,117,NA,NA
CNFW44,640,64,30,0,6,3,1,8,4,0,91,NA,NA
CNFW45,602,45,21,1,2,5,2,20,4,6,94,NA,NA
CNFW46,600,46,15,0,5,1,1,11,1,0,81,NA,NA
CNFW47,573,48,24,1,3,6,3,19,7,3,80,NA,NA
CNFW48,514,49,26,0,1,7,0,14,4,3,77,NA,NA
CNFW49,191,15,0,0,0,0,0,2,0,5,0,NA,NA
CNFW50,160,12,0,0,0,0,0,11,0,4,0,NA,NA
CNFX01,755,63,10,1,3,3,4,30,5,4,69,NA,NA
CNFX02,660,42,15,0,4,4,0,23,6,5,55,NA,NA
CNFX03,677,54,11,2,2,3,1,30,5,4,55,NA,NA
CNFX04,783,62,11,0,9,2,2,32,8,4,56,NA,NA
CNFX05,730,53,4,1,3,2,0,24,8,6,53,NA,NA
CNFX06,747,52,8,0,6,4,2,29,5,5,56,NA,NA
CNFX07,751,58,15,0,3,6,2,28,10,1,64,NA,NA
CNFX08,569,41,12,0,5,3,0,21,8,5,97,NA,NA
CNFX09,586,50,6,0,2,1,1,19,4,13,32,NA,NA
CNFX10,652,59,8,0,2,2,0,31,6,15,59,NA,NA
CNFX11,582,40,19,1,1,3,2,18,3,0,53,NA,NA
CNFX12,595,49,14,0,5,3,0,20,4,2,69,NA,NA
CNFX13,470,32,6,0,3,0,1,11,1,8,56,NA,NA
CNFX14,638,48,18,1,1,0,1,16,4,7,47,NA,NA
CNFX15,800,64,18,0,7,5,0,40,9,8,47,NA,NA
CNFX16,595,45,5,2,1,7,0,23,7,1,46,NA,NA
CNFX17,724,66,10,1,6,4,0,30,6,8,49,NA,NA
CNFX18,682,51,17,0,4,1,1,26,3,10,95,NA,NA
CNFX19,583,39,9,0,3,3,1,24,3,5,44,NA,NA
CNFX20,677,50,11,0,7,2,0,25,8,3,57,NA,NA
CNFX21,605,48,20,2,2,0,2,13,4,1,87,NA,NA
CNFX22,479,40,25,0,3,7,0,15,5,2,55,NA,NA
CNFX23,558,42,19,0,4,4,3,24,6,3,56,NA,NA
CNFX24,600,45,6,1,4,6,0,24,8,2,48,NA,NA
CNFX25,579,52,9,1,3,2,1,33,9,7,28,NA,NA
CNFX26,645,47,12,1,3,2,1,28,11,4,38,NA,NA
CNFX27,539,47,7,0,4,2,1,30,8,9,24,NA,NA
CNFX28,617,46,20,1,3,6,2,21,7,3,67,NA,NA
CNFX29,666,49,23,1,3,4,3,19,9,2,84,NA,NA
CNFX30,534,35,14,1,1,1,0,14,4,0,54,NA,NA
CNFX31,521,44,28,0,1,5,0,21,5,1,82,NA,NA
CNFX32,685,51,22,0,3,2,0,12,2,1,92,NA,NA
CNFX33,630,48,17,1,4,0,2,16,4,3,103,NA,NA
CNFX34,429,38,11,0,1,3,4,12,3,0,51,NA,NA
CNFX35,697,53,19,1,2,2,1,16,2,1,82,NA,NA
CNFX36,440,30,17,0,0,8,2,9,4,0,64,NA,NA
CNFX37,530,38,15,2,4,3,0,12,5,0,82,NA,NA
CNFX38,437,35,14,0,1,6,0,11,3,0,67,NA,NA
CNFX39,507,40,21,0,3,1,1,10,3,1,94,NA,NA
CNFX40,636,44,39,0,0,1,0,11,3,0,104,NA,NA
CNFX41,646,69,12,0,10,4,0,33,8,1,66,NA,NA
CNFX42,640,46,22,2,7,8,2,29,12,3,88,NA,NA
CNFX43,637,42,23,1,1,6,0,10,4,0,92,NA,NA
CNFX44,580,41,8,0,2,4,2,15,6,1,83,NA,NA
CNFX45,734,60,8,0,7,9,0,31,12,8,57,NA,NA
CNFX46,758,64,15,1,8,11,0,36,15,3,84,NA,NA
CNFX47,596,45,11,0,1,12,0,23,11,0,68,NA,NA
CNFX48,826,73,9,2,8,8,2,41,17,2,50,NA,NA
CNFX49,630,53,14,2,4,5,2,29,10,5,68,NA,NA
CNFY01,516,42,16,0,3,3,1,9,3,0,98,NA,NA
CNFY02,637,47,19,0,4,3,2,16,5,0,79,NA,NA
CNFY03,659,54,25,1,5,1,1,15,6,0,85,NA,NA
CNFY04,548,44,17,0,3,3,2,13,6,1,71,NA,NA
CNFY05,529,48,22,0,7,4,0,9,5,0,85,NA,NA
CNFY06,549,38,22,0,3,2,1,12,2,0,93,NA,NA
CNFY07,573,52,7,0,7,2,3,21,4,1,54,NA,NA
CNFY08,557,53,23,1,2,2,0,12,2,1,112,NA,NA
CNFY09,629,55,27,0,3,5,1,12,2,0,87,NA,NA
CNFY10,587,56,11,0,6,5,2,34,5,6,53,NA,NA
CNFY11,747,60,20,1,3,3,2,17,4,4,128,NA,NA
CNFY12,651,45,22,0,5,4,2,20,3,1,77,NA,NA
CNFY13,668,59,13,1,3,5,1,33,5,2,81,NA,NA
CNFY14,654,59,3,0,5,6,1,32,9,3,44,NA,NA
CNFY15,739,55,18,3,5,7,0,26,7,1,84,NA,NA
CNFY16,591,44,15,1,5,6,3,27,7,3,58,NA,NA
CNFY17,675,47,23,0,2,6,1,17,3,0,106,NA,NA
CNFY18,584,53,12,1,5,0,0,28,7,4,45,NA,NA
CNFY19,721,46,20,1,2,3,2,21,6,3,115,NA,NA
CNFY20,629,40,22,0,2,2,2,11,2,2,102,NA,NA
CNFY21,726,60,12,4,3,5,1,24,8,1,53,NA,NA
CNFY22,594,48,16,0,5,4,1,23,6,3,61,NA,NA
CNFY23,668,49,8,2,1,2,0,20,4,1,73,NA,NA
CNFY24,530,43,13,1,4,5,3,25,7,0,51,NA,NA
CNFY25,675,57,18,1,5,4,1,28,7,1,68,NA,NA
CNFY26,608,47,25,0,8,7,2,30,11,0,64,NA,NA
CNFY27,649,41,12,0,3,3,2,20,4,0,60,NA,NA
CNFY28,625,48,7,1,9,3,1,30,6,1,56,NA,NA
CNFY29,702,54,15,1,2,6,0,23,9,0,61,NA,NA
CNFY30,592,39,6,1,2,3,0,24,7,4,48,NA,NA
CNFY31,620,44,13,0,5,8,1,17,8,0,54,NA,NA
CNFY32,576,50,10,1,6,4,0,22,3,1,50,NA,NA
CNFY33,691,53,6,1,5,3,0,24,9,3,60,NA,NA
CNFY34,769,52,12,1,7,2,1,27,6,2,53,NA,NA
CNFY35,737,62,17,0,11,9,2,42,16,4,62,NA,NA
CNFY36,724,61,10,1,10,4,1,31,7,4,48,NA,NA
CNFY37,508,41,14,1,4,6,0,24,9,1,41,NA,NA
CNFY38,661,50,8,2,1,3,1,22,6,2,65,NA,NA
CNFY39,622,39,13,0,0,3,1,15,4,0,69,NA,NA
CNFY40,767,62,15,0,4,4,2,31,2,0,60,NA,NA
CNFY41,669,44,13,0,2,3,3,18,4,4,70,NA,NA
CNFY42,723,67,13,0,8,2,2,39,10,6,81,NA,NA
CNFY43,575,45,7,1,7,2,1,18,5,2,49,NA,NA
CNFY44,626,50,9,1,4,1,2,22,4,4,67,NA,NA
CNFZ01,622,53,6,1,3,2,1,26,4,3,45,NA,NA
CNFZ02,730,59,14,2,1,2,3,28,9,8,52,NA,NA
CNFZ03,683,57,9,3,4,2,2,27,8,10,55,NA,NA
CNFZ04,574,32,0,0,1,1,0,13,1,2,97,NA,NA
CNFZ05,492,30,10,1,0,2,0,5,2,1,69,NA,NA
CNFZ06,642,60,15,1,3,4,0,22,7,4,73,NA,NA
CNFZ07,561,42,14,1,4,2,1,16,5,3,39,NA,NA
CNFZ08,653,41,5,0,3,3,3,24,7,1,42,NA,NA
CNFZ09,577,38,9,0,3,5,1,20,9,1,39,NA,NA
CNFZ10,740,50,19,0,7,2,2,25,10,2,80,NA,NA
CNFZ11,685,58,11,1,4,2,2,30,6,8,59,NA,NA
CNFZ12,640,51,10,0,7,1,1,23,4,4,67,NA,NA
CNFZ13,654,53,7,1,9,3,0,31,16,1,49,NA,NA
CNFZ14,674,47,11,0,6,2,0,27,8,7,45,NA,NA
CNFZ15,627,45,10,2,4,1,0,18,5,2,81,NA,NA
CNFZ16,545,37,6,3,7,2,1,21,6,1,35,NA,NA
CNFZ17,744,61,13,2,4,2,1,30,5,2,68,NA,NA
CNFZ18,658,53,14,0,8,3,2,33,8,5,50,NA,NA
CNFZ19,667,48,13,3,3,1,1,24,3,4,65,NA,NA
CNFZ20,685,50,13,0,9,0,2,26,9,6,71,NA,NA
CNFZ22,564,54,12,1,6,3,1,24,6,1,70,NA,NA
CNFZ23,585,51,9,1,6,2,3,27,7,2,50,NA,NA
CNFZ24,576,44,8,0,5,4,1,22,6,2,60,NA,NA
CNFZ25,539,45,5,0,5,2,3,16,3,1,48,NA,NA
CNFZ26,520,42,23,1,2,4,1,15,5,2,76,NA,NA
CNFZ27,768,53,10,2,6,3,1,26,9,1,91,NA,NA
CNFZ28,541,40,11,0,4,3,0,22,7,4,51,NA,NA
CNFZ29,573,54,10,2,7,1,3,30,7,3,57,NA,NA
CNFZ30,547,37,14,0,2,1,1,11,3,3,63,NA,NA
CNFZ31,543,39,8,0,2,3,0,18,4,4,44,NA,NA
CNFZ32,602,43,9,2,3,0,1,23,7,4,47,NA,NA
CNFZ33,489,32,6,1,3,1,0,11,3,2,55,NA,NA
CNFZ34,507,43,5,1,7,4,1,28,12,2,33,NA,NA
CNFZ35,555,42,5,1,7,3,1,26,12,2,53,NA,NA
CNFZ36,645,48,13,1,2,1,0,18,3,2,81,NA,NA
CNFZ37,782,70,11,1,7,2,2,30,7,5,60,NA,NA
CNFZ38,593,44,8,0,6,5,1,22,10,2,42,NA,NA
CNFZ39,579,40,10,0,0,5,2,14,3,3,59,NA,NA
CNFZ40,533,43,2,2,3,4,0,22,7,5,40,NA,NA
CNFZ41,612,47,12,0,5,1,2,30,9,1,56,NA,NA
CNFZ42,498,30,17,0,3,1,0,14,7,3,58,NA,NA
CNFZ43,530,47,6,0,2,6,3,20,6,2,44,NA,NA
CNFZ44,618,48,8,2,5,5,0,25,13,4,68,NA,NA
CNFZ45,550,37,13,1,7,1,0,20,5,5,47,NA,NA
CNFZ46,693,52,14,0,6,2,1,28,6,2,54,NA,NA
CNFZ47,567,52,9,0,4,7,2,23,7,1,57,NA,NA
CNFZ48,148,12,4,0,1,0,0,7,1,1,10,NA,NA
CNGA01,734,66,5,0,2,1,0,36,6,18,38,NA,NA
CNGA02,510,38,8,0,1,1,0,15,3,8,29,NA,NA
CNGA03,672,51,7,0,1,0,0,17,1,6,52,NA,NA
CNGA04,571,38,11,0,0,2,0,14,0,4,51,NA,NA
CNGA05,601,55,6,1,7,2,2,35,8,6,58,NA,NA
CNGA06,640,61,11,1,6,1,0,34,10,7,54,NA,NA
CNGA07,661,56,9,0,2,0,3,28,1,6,51,NA,NA
CNGA08,582,46,11,0,1,2,2,21,2,3,93,NA,NA
CNGA09,743,63,3,0,0,0,0,35,3,20,33,NA,NA
CNGA10,613,45,11,0,4,2,1,28,1,6,68,NA,NA
CNGA11,726,53,15,3,6,0,3,26,5,6,84,NA,NA
CNGA12,522,33,11,0,1,0,0,16,2,5,46,NA,NA
CNGA13,638,44,10,0,1,0,0,23,5,4,57,NA,NA
CNGA14,459,31,4,0,1,0,1,11,0,3,59,NA,NA
CNGA15,778,54,13,1,5,2,0,32,6,3,60,NA,NA
CNGA16,551,48,6,0,3,1,1,23,3,9,39,NA,NA
CNGA17,598,52,6,0,4,2,2,17,4,1,64,NA,NA
CNGA18,645,52,2,0,4,3,2,26,1,1,54,NA,NA
CNGA19,648,44,16,0,5,2,0,16,7,1,92,NA,NA
CNGA20,610,47,17,0,4,3,4,14,3,2,74,NA,NA
CNGA21,665,46,25,0,2,3,0,21,5,5,74,NA,NA
CNGA22,469,36,9,0,3,0,0,20,3,9,30,NA,NA
CNGA23,488,29,8,0,2,0,0,12,0,5,51,NA,NA
CNGA24,454,24,36,0,0,0,0,9,0,6,34,NA,NA
CNGA25,573,47,12,0,5,3,2,27,6,2,42,NA,NA
CNGA26,542,45,15,1,9,3,2,22,6,8,44,NA,NA
CNGA27,577,43,9,0,3,1,0,15,3,2,56,NA,NA
CNGA28,657,60,11,0,4,4,1,21,2,1,50,NA,NA
CNGA29,681,50,8,0,3,1,2,24,3,5,61,NA,NA
CNGA30,486,41,21,0,7,3,0,14,3,2,84,NA,NA
CNGA31,654,52,15,1,2,2,1,16,5,4,87,NA,NA
CNGA32,666,56,19,0,6,3,1,24,3,2,99,NA,NA
CNGA33,461,33,6,1,3,3,1,13,6,0,45,NA,NA
CNGA34,719,56,11,1,7,5,4,30,5,3,62,NA,NA
CNGA35,497,38,9,1,5,4,2,13,4,0,65,NA,NA
CNGA36,548,38,9,1,1,2,3,11,2,0,76,NA,NA
CNGA37,712,59,26,0,8,1,2,19,5,2,98,NA,NA
CNGA38,670,49,45,0,4,5,3,16,7,1,82,NA,NA
CNGA39,680,56,21,0,9,5,4,24,9,0,81,NA,NA
CNGA40,708,59,22,0,3,7,1,24,9,5,70,NA,NA
CNGA41,699,57,23,1,5,5,2,25,5,5,93,NA,NA
CNGA42,675,50,18,0,1,2,2,18,4,2,71,NA,NA
CNGB01,877,85,24,1,9,4,0,36,14,7,47,NA,NA
CNGB02,805,82,15,1,4,4,1,34,12,10,55,NA,NA
CNGB03,700,66,11,0,5,5,1,33,16,5,51,NA,NA
CNGB04,887,72,9,0,2,1,1,35,5,15,60,NA,NA
CNGB05,693,54,10,2,1,1,0,18,4,4,62,NA,NA
CNGB06,757,71,6,0,2,2,0,27,7,8,73,NA,NA
CNGB07,817,71,14,1,4,3,1,27,6,9,66,NA,NA
CNGB08,711,61,14,2,1,2,0,29,11,14,43,NA,NA
CNGB09,629,55,15,0,1,2,0,19,6,4,74,NA,NA
CNGB10,725,50,14,0,3,2,0,23,13,6,71,NA,NA
CNGB11,908,83,12,1,1,2,1,27,6,17,75,NA,NA
CNGB12,697,57,11,1,2,1,0,26,4,11,64,NA,NA
CNGB13,618,51,19,0,5,5,3,22,7,3,81,NA,NA
CNGB14,621,45,9,1,3,4,0,19,4,5,59,NA,NA
CNGB15,514,41,10,0,2,0,0,18,1,8,41,NA,NA
CNGB16,696,52,19,0,2,1,0,21,4,5,61,NA,NA
CNGB17,468,44,34,0,3,0,0,20,6,11,34,NA,NA
CNGB18,556,40,15,0,0,2,1,11,2,7,69,NA,NA
CNGB19,863,81,24,1,7,8,1,23,11,5,88,NA,NA
CNGB20,1028,85,27,2,7,12,2,34,17,1,71,NA,NA
CNGB21,139,10,4,0,1,0,0,1,0,1,11,NA,NA
CNGB22,541,48,14,0,4,2,1,19,5,4,48,NA,NA
CNGB23,404,23,7,0,2,0,0,12,2,2,44,NA,NA
CNGB24,444,30,18,0,1,3,1,15,2,5,64,NA,NA
CNGB25,617,39,14,0,2,4,1,23,7,3,62,NA,NA
CNGB26,757,73,33,1,3,6,0,26,5,2,74,NA,NA
CNGB27,569,32,51,0,4,3,2,14,4,5,46,NA,NA
CNGB28,651,58,18,1,2,3,1,22,4,2,60,NA,NA
CNGB29,569,51,20,2,4,2,0,19,2,3,71,NA,NA
CNGB30,568,40,9,1,4,7,1,20,5,2,51,NA,NA
CNGB31,586,60,18,0,2,6,0,14,3,1,65,NA,NA
CNGB32,768,55,24,1,5,6,3,22,8,4,72,NA,NA
CNGB33,596,40,24,0,3,1,0,15,5,8,53,NA,NA
CNGB34,640,49,20,0,2,3,1,24,4,3,77,NA,NA
CNGB35,669,76,18,0,6,4,2,20,3,2,73,NA,NA
CNGB36,606,47,26,0,4,4,1,9,4,1,58,NA,NA
CNGB37,796,58,31,2,6,6,3,30,7,0,100,NA,NA
CNGB38,685,48,24,0,3,2,1,16,3,3,57,NA,NA
CNGB39,521,57,24,0,4,4,0,13,3,1,61,NA,NA
CNGB40,597,34,11,0,4,5,0,16,5,0,56,NA,NA
CNGB41,687,44,24,0,4,3,1,16,5,3,84,NA,NA
CNGB42,563,51,20,0,5,8,1,20,10,0,62,NA,NA
CNGB43,705,80,31,0,4,1,1,17,5,1,69,NA,NA
CNGB44,517,56,17,0,1,2,1,11,3,0,58,NA,NA
CNGB45,619,59,12,1,3,3,1,14,4,0,59,NA,NA
CNGB46,497,55,20,1,2,5,1,14,5,1,49,NA,NA
CNGB47,657,56,27,1,2,5,2,17,5,4,85,NA,NA
CNGB48,677,49,24,0,1,3,0,9,2,0,62,NA,NA
CNGB50,307,11,0,0,0,0,0,8,0,6,14,NA,NA
CNGC01,688,55,25,0,4,7,2,22,8,4,93,NA,NA
CNGC02,547,44,22,0,3,1,3,13,3,3,66,NA,NA
CNGC03,578,51,9,0,3,5,2,22,1,4,57,NA,NA
CNGC04,584,45,11,0,1,5,3,24,6,6,49,NA,NA
CNGC05,559,44,14,1,3,3,1,17,0,4,42,NA,NA
CNGC06,697,54,11,1,2,5,1,24,11,7,42,NA,NA
CNGC07,322,25,3,0,0,1,0,9,1,1,18,NA,NA
CNGC08,399,36,9,1,3,4,2,18,6,5,35,NA,NA
CNGC09,337,45,14,0,0,1,0,5,1,4,37,NA,NA
CNGC10,388,19,2,0,0,1,0,13,3,8,36,NA,NA
CNGC11,686,46,12,0,0,1,0,19,3,21,65,NA,NA
CNGC12,692,61,10,0,6,0,1,28,7,10,66,NA,NA
CNGC13,612,48,31,0,5,1,2,22,3,1,71,NA,NA
CNGC14,555,35,13,0,0,1,1,14,3,1,55,NA,NA
CNGC15,566,49,7,0,3,1,2,23,1,12,34,NA,NA
CNGC16,443,30,8,0,1,4,0,16,5,6,35,NA,NA
CNGC17,401,33,11,0,1,3,0,12,0,7,46,NA,NA
CNGC18,441,25,10,0,0,0,0,8,0,7,62,NA,NA
CNGC19,389,32,10,0,0,2,2,12,2,3,46,NA,NA
CNGC20,555,49,7,0,1,3,3,20,3,11,38,NA,NA
CNGC21,856,49,28,0,0,0,0,14,2,21,38,NA,NA
CNGC22,525,27,6,0,0,0,0,10,1,7,42,NA,NA
CNGC23,636,43,15,0,3,1,4,18,3,11,44,NA,NA
CNGC24,596,50,24,0,3,2,2,21,5,8,65,NA,NA
CNGC25,417,24,7,0,2,1,1,10,4,7,51,NA,NA
CNGC26,580,47,14,0,0,0,1,15,1,8,41,NA,NA
CNGC27,482,24,8,0,1,2,2,11,2,6,40,NA,NA
CNGC28,567,55,6,0,0,0,1,20,0,18,32,NA,NA
CNGC29,475,30,15,1,6,1,0,13,1,2,36,NA,NA
CNGC30,575,39,16,0,2,2,1,20,6,4,72,NA,NA
CNGC31,603,52,24,0,0,0,0,25,1,23,77,NA,NA
CNGC32,464,43,0,0,0,1,0,15,2,13,28,NA,NA
CNGC33,343,26,2,0,1,1,0,17,2,6,31,NA,NA
CNGC34,635,38,17,0,5,0,0,20,6,4,63,NA,NA
CNGC35,619,44,9,0,4,2,0,23,2,12,43,NA,NA
CNGC36,509,44,12,0,4,4,0,21,5,7,54,NA,NA
CNGC37,628,45,4,1,1,0,0,13,1,12,37,NA,NA
CNGC38,661,55,11,1,1,0,0,31,4,23,50,NA,NA
CNGC39,677,52,7,0,3,2,0,22,5,17,71,NA,NA
CNGC40,774,64,13,0,3,4,1,27,4,4,72,NA,NA
CNGC41,415,30,2,0,2,0,0,21,4,9,19,NA,NA
CNGC42,578,48,8,1,2,4,1,26,10,11,77,NA,NA
CNGC43,566,45,12,0,1,5,1,19,5,5,69,NA,NA
CNGC44,708,62,14,1,8,4,2,28,6,9,75,NA,NA
CNGC45,604,49,15,1,2,3,3,14,3,4,79,NA,NA
CNGC46,504,38,11,0,2,2,0,11,3,5,46,NA,NA
CNGC47,543,47,15,0,4,5,1,23,4,6,55,NA,NA
CNGC48,507,41,8,0,2,3,0,17,4,4,51,NA,NA
CNGC49,548,41,5,2,1,2,2,20,5,4,42,NA,NA
CNGC50,85,8,23,0,0,0,0,3,0,2,0,NA,NA
CNGC51,74,7,0,0,0,1,0,7,0,3,0,NA,NA
CNGD01,633,45,19,0,5,1,0,12,4,0,85,NA,NA
CNGD02,505,37,16,0,4,3,2,14,7,0,73,NA,NA
CNGD03,611,54,14,2,4,5,4,22,10,0,73,NA,NA
CNGD04,608,43,20,0,4,0,0,9,5,1,107,NA,NA
CNGD05,450,34,16,1,3,2,1,18,4,0,67,NA,NA
CNGD06,616,45,19,0,5,2,2,15,6,0,97,NA,NA
CNGD07,438,32,21,1,3,5,1,13,3,0,81,NA,NA
CNGD08,658,57,14,0,2,4,0,12,3,0,107,NA,NA
CNGD09,504,33,16,0,1,1,0,12,4,2,89,NA,NA
CNGD10,569,41,26,1,3,3,1,15,4,0,109,NA,NA
CNGD11,680,56,29,0,5,1,2,19,5,1,89,NA,NA
CNGD12,683,56,34,0,7,3,3,16,6,1,119,NA,NA
CNGD13,410,29,10,0,2,2,0,6,0,0,52,NA,NA
CNGD14,501,49,14,1,2,5,0,12,4,2,80,NA,NA
CNGD15,658,42,23,1,0,3,0,10,2,0,90,NA,NA
CNGD16,745,62,14,1,4,7,2,23,6,2,72,NA,NA
CNGD17,490,41,13,0,6,3,1,11,3,1,80,NA,NA
CNGD18,463,38,9,1,2,4,1,10,1,0,88,NA,NA
CNGD19,600,48,15,0,5,4,0,23,6,1,83,NA,NA
CNGD20,611,50,15,0,7,3,1,20,9,2,84,NA,NA
CNGD21,610,38,8,0,1,1,0,6,1,0,101,NA,NA
CNGD22,628,54,23,0,7,2,1,21,3,0,96,NA,NA
CNGD23,585,37,16,0,4,3,2,17,6,1,105,NA,NA
CNGD24,656,47,21,0,4,3,0,14,3,0,87,NA,NA
CNGD25,761,70,22,2,6,6,2,27,8,1,93,NA,NA
CNGD26,707,62,32,0,8,7,2,21,7,0,121,NA,NA
CNGD27,688,52,21,1,8,3,2,22,6,1,93,NA,NA
CNGD28,643,40,26,1,3,5,2,17,5,1,93,NA,NA
CNGD29,671,45,25,1,6,6,1,19,8,0,96,NA,NA
CNGD30,506,46,19,0,3,5,4,10,2,1,57,NA,NA
CNGD31,786,71,27,1,8,3,0,20,0,1,65,NA,NA
CNGD32,671,56,26,0,8,4,1,22,4,4,89,NA,NA
CNGD33,650,60,29,1,6,6,1,21,9,0,114,NA,NA
CNGD34,607,71,15,1,5,6,2,21,3,0,72,NA,NA
CNGD35,756,59,37,1,4,1,1,14,4,0,114,NA,NA
CNGD36,626,57,18,1,4,4,4,15,6,1,114,NA,NA
CNGD37,605,55,18,0,7,3,3,20,11,0,100,NA,NA
CNGD38,603,59,17,0,5,1,0,17,6,1,69,NA,NA
CNGD39,724,52,19,0,2,2,1,16,4,0,110,NA,NA
CNGD40,607,46,21,1,3,3,0,21,8,0,73,NA,NA
CNGD41,572,49,22,0,5,1,0,14,3,0,75,NA,NA
CNGD42,568,37,12,0,2,6,0,13,5,0,104,NA,NA
CNGD43,685,44,16,0,4,5,3,14,3,0,91,NA,NA
CNGD44,633,64,28,0,4,12,2,36,16,7,85,NA,NA
CNGD45,510,33,14,0,7,3,0,12,5,1,88,NA,NA
CNGD46,656,48,22,0,5,5,4,23,9,1,92,NA,NA
CNGD47,857,76,16,2,12,5,2,44,7,4,68,NA,NA
CNGD48,746,63,12,0,7,5,3,33,9,4,60,NA,NA
CNGE01,811,67,14,0,6,0,0,33,7,12,63,NA,NA
CNGE02,658,50,12,0,6,2,1,24,6,1,68,NA,NA
CNGE03,698,58,9,0,3,7,1,26,5,3,71,NA,NA
CNGE04,699,48,10,0,5,5,1,22,7,2,81,NA,NA
CNGE05,761,55,18,0,6,3,1,26,10,3,75,NA,NA
CNGE06,730,62,23,2,2,2,2,12,2,0,112,NA,NA
CNGE07,526,33,12,0,3,3,0,13,3,2,74,NA,NA
CNGE08,638,57,19,1,3,5,0,19,6,3,71,NA,NA
CNGE09,627,43,21,0,1,7,1,13,6,0,96,NA,NA
CNGE10,627,43,16,0,1,0,0,9,2,0,107,NA,NA
CNGE11,525,50,18,1,3,2,1,11,3,0,107,NA,NA
CNGE12,601,48,14,1,2,5,3,14,4,0,123,NA,NA
CNGE13,598,47,25,0,3,2,3,17,7,0,95,NA,NA
CNGE14,515,32,16,0,0,2,1,7,0,0,89,NA,NA
CNGE15,568,32,19,0,3,2,1,9,2,0,98,NA,NA
CNGE16,680,57,13,3,2,2,0,29,5,1,59,NA,NA
CNGE17,561,44,22,1,2,2,2,5,3,0,71,NA,NA
CNGE18,581,56,15,0,6,6,5,23,6,0,96,NA,NA
CNGE19,671,47,9,0,7,7,1,26,7,1,49,NA,NA
CNGE20,611,53,5,2,5,2,3,26,5,5,62,NA,NA
CNGE21,562,48,15,0,1,5,1,16,2,0,84,NA,NA
CNGE22,504,36,11,1,3,2,1,15,3,0,59,NA,NA
CNGE23,671,53,11,0,7,4,3,27,7,0,59,NA,NA
CNGE24,592,49,6,2,6,0,1,22,7,4,79,NA,NA
CNGE25,570,39,17,2,2,3,1,15,4,2,67,NA,NA
CNGE26,777,70,18,1,5,5,1,13,5,0,101,NA,NA
CNGE27,770,68,23,0,11,4,4,27,6,1,132,NA,NA
CNGE28,708,55,11,0,5,3,3,20,6,1,79,NA,NA
CNGE29,828,69,12,2,6,3,1,32,8,2,58,NA,NA
CNGE30,650,51,8,1,7,3,0,27,6,6,57,NA,NA
CNGE31,549,38,18,1,2,3,1,15,7,2,83,NA,NA
CNGE32,719,45,14,0,6,7,0,24,9,1,71,NA,NA
CNGE33,669,61,20,3,3,4,3,25,7,2,87,NA,NA
CNGE34,657,46,21,0,2,2,2,24,2,5,85,NA,NA
CNGE35,506,43,11,0,3,1,1,22,3,3,46,NA,NA
CNGE36,706,61,11,1,7,2,0,27,6,1,47,NA,NA
CNGE37,625,41,10,1,7,5,1,21,8,3,37,NA,NA
CNGE38,642,52,12,1,7,2,0,21,11,1,58,NA,NA
CNGE39,598,53,7,1,0,1,1,32,4,4,49,NA,NA
CNGE40,688,49,6,1,1,2,0,27,5,2,44,NA,NA
CNGE41,658,45,15,0,0,6,1,23,4,1,49,NA,NA
CNGE42,608,48,9,0,5,6,0,30,9,2,52,NA,NA
CNGF01,804,89,42,1,3,4,2,19,4,0,93,NA,NA
CNGF02,389,36,23,0,0,1,0,3,0,0,76,NA,NA
CNGF03,615,73,32,1,6,4,2,17,7,0,86,NA,NA
CNGF04,578,69,24,0,5,3,1,14,5,0,101,NA,NA
CNGF05,624,67,37,0,5,4,0,12,5,1,114,NA,NA
CNGF06,600,70,25,0,3,7,1,13,7,0,90,NA,NA
CNGF07,514,36,17,0,2,5,2,8,3,0,58,NA,NA
CNGF08,553,58,17,1,7,3,1,26,5,1,50,NA,NA
CNGF09,559,39,10,1,4,2,0,14,5,1,47,NA,NA
CNGF10,576,43,23,1,2,3,1,16,3,3,64,NA,NA
CNGF11,789,66,20,0,7,4,0,23,6,4,87,NA,NA
CNGF12,732,66,36,0,7,3,4,19,10,1,114,NA,NA
CNGF13,464,33,26,0,3,0,0,4,2,0,80,NA,NA
CNGF14,509,42,17,0,1,1,2,14,1,4,72,NA,NA
CNGF15,692,75,28,1,5,6,0,17,8,2,78,NA,NA
CNGF16,418,31,13,1,0,2,0,8,1,0,40,NA,NA
CNGF17,536,63,17,0,3,2,0,7,2,0,79,NA,NA
CNGF18,581,57,15,0,3,5,2,15,1,0,84,NA,NA
CNGF19,569,45,9,1,6,5,3,16,5,1,60,NA,NA
CNGF20,531,49,14,0,2,3,1,11,2,1,54,NA,NA
CNGF21,619,56,11,1,4,2,0,19,5,2,74,NA,NA
CNGF22,585,61,11,0,3,4,1,18,3,2,56,NA,NA
CNGF23,494,38,14,0,1,3,0,6,2,0,62,NA,NA
CNGF24,612,50,25,0,2,4,2,12,3,1,64,NA,NA
CNGF25,710,85,31,0,4,7,3,20,5,1,96,NA,NA
CNGF26,696,64,21,2,8,1,2,19,4,0,84,NA,NA
CNGF27,770,80,28,2,2,6,2,17,5,1,93,NA,NA
CNGF28,773,66,38,0,4,14,5,22,9,0,117,NA,NA
CNGF29,688,55,21,1,3,6,3,15,3,0,107,NA,NA
CNGF30,615,51,29,0,6,3,1,22,5,0,114,NA,NA
CNGF31,513,52,23,1,1,1,2,12,2,2,68,NA,NA
CNGF32,702,56,21,0,4,6,1,16,5,0,88,NA,NA
CNGF33,646,68,16,1,3,6,1,13,4,1,70,NA,NA
CNGF34,881,57,30,0,3,7,1,14,4,0,109,NA,NA
CNGF35,865,71,28,0,2,4,2,15,3,2,90,NA,NA
CNGF36,876,83,37,0,5,2,2,19,4,6,90,NA,NA
CNGF37,847,68,20,0,7,4,3,22,10,2,83,NA,NA
CNGF38,729,77,16,1,5,2,4,15,8,0,59,NA,NA
CNGF39,818,84,32,2,6,5,2,25,7,3,89,NA,NA
CNGF40,687,50,33,0,1,7,3,17,3,0,106,NA,NA
CNGF41,573,59,25,1,4,1,1,19,1,0,65,NA,NA
CNGF42,381,40,21,0,0,2,0,4,2,0,42,NA,NA
CNGF43,826,76,23,0,2,5,1,13,2,4,79,NA,NA
CNGF44,525,43,19,0,0,2,3,12,1,1,51,NA,NA
CNGF45,426,47,24,0,3,1,0,13,2,0,70,NA,NA
CNGF46,548,50,32,1,3,3,1,14,6,0,76,NA,NA
CNGF48,782,55,34,2,6,5,1,26,9,2,81,NA,NA
CNGF49,526,43,16,0,0,5,0,7,4,1,62,NA,NA
CNGF50,537,48,11,0,3,1,2,12,3,4,55,NA,NA
CNGF51,777,61,43,0,2,4,2,12,3,1,81,NA,NA
CNGF52,630,49,14,0,6,4,2,20,7,0,51,NA,NA
CNGF53,502,42,8,1,6,3,1,19,3,1,57,NA,NA
CNGF54,159,12,2,0,0,0,0,10,0,2,0,NA,NA
CNGF55,278,18,3,0,1,0,0,9,0,7,1,NA,NA
CNGG01,439,39,21,0,2,2,0,7,2,2,56,NA,NA
CNGG02,448,31,27,0,3,3,1,6,2,0,44,NA,NA
CNGG03,877,88,51,0,8,8,3,23,11,0,106,NA,NA
CNGG04,662,65,17,0,2,5,4,18,8,0,68,NA,NA
CNGG05,370,37,6,0,3,5,2,12,5,1,29,NA,NA
CNGG06,474,40,14,0,3,6,1,21,10,2,51,NA,NA
CNGG07,590,53,16,0,4,7,3,14,4,3,67,NA,NA
CNGG08,774,42,26,0,3,2,0,7,4,1,108,NA,NA
CNGG09,322,21,9,0,2,1,0,7,0,1,35,NA,NA
CNGG10,644,54,21,0,3,6,3,19,5,3,73,NA,NA
CNGG11,538,32,37,0,2,1,1,8,0,2,74,NA,NA
CNGG12,369,40,9,0,4,8,0,14,5,0,30,NA,NA
CNGG13,438,39,17,1,5,2,0,9,2,1,47,NA,NA
CNGG14,429,42,9,1,2,2,0,5,0,0,42,NA,NA
CNGG15,465,42,17,0,4,4,0,12,4,1,63,NA,NA
CNGG16,463,42,14,0,5,6,0,15,7,3,45,NA,NA
CNGG17,525,40,18,0,1,0,1,7,1,2,82,NA,NA
CNGG18,395,47,13,1,4,3,3,19,7,1,49,NA,NA
CNGG19,430,32,16,0,2,4,1,12,2,0,62,NA,NA
CNGG20,777,85,27,3,0,8,1,18,8,2,114,NA,NA
CNGG21,661,64,23,0,1,11,1,22,4,3,76,NA,NA
CNGG22,779,79,19,0,3,11,1,22,8,1,97,NA,NA
CNGG23,707,61,25,1,5,8,3,15,8,0,67,NA,NA
CNGG24,811,54,44,0,2,3,2,9,3,2,93,NA,NA
CNGG25,437,31,20,0,2,1,1,9,4,0,49,NA,NA
CNGG26,508,40,13,0,7,4,3,15,6,1,58,NA,NA
CNGG27,424,42,5,0,3,7,0,11,2,0,50,NA,NA
CNGG28,554,61,14,0,5,5,1,21,9,2,51,NA,NA
CNGG29,519,41,15,0,2,3,2,10,3,1,87,NA,NA
CNGG30,649,51,19,0,4,3,2,17,4,7,81,NA,NA
CNGG31,488,39,18,1,6,4,0,15,7,1,32,NA,NA
CNGG32,581,41,30,1,2,3,0,16,4,5,72,NA,NA
CNGG33,558,35,54,0,2,6,2,13,7,0,43,NA,NA
CNGG34,558,49,14,0,3,4,0,13,4,0,57,NA,NA
CNGG35,426,35,23,0,1,1,1,10,1,5,57,NA,NA
CNGG36,365,22,18,0,3,0,0,6,3,2,43,NA,NA
CNGG37,523,34,18,0,2,1,0,5,1,1,60,NA,NA
CNGG38,463,34,21,1,0,5,1,11,7,1,45,NA,NA
CNGG39,580,37,24,1,1,5,1,15,1,0,87,NA,NA
CNGG40,347,35,20,0,1,5,0,7,3,0,41,NA,NA
CNGG41,490,41,21,0,1,2,1,7,2,2,43,NA,NA
CNGG42,567,25,20,0,4,3,0,10,6,1,62,NA,NA
CNGG44,414,38,10,0,4,8,2,16,3,1,28,NA,NA
CNGG45,645,52,32,0,4,6,3,20,7,2,73,NA,NA
CNGG46,239,18,4,0,0,2,1,10,0,5,6,NA,NA
CNGG47,612,67,17,0,7,6,2,30,9,4,44,NA,NA
CNGG48,475,39,16,0,3,3,0,12,3,3,44,NA,NA
CNGG49,588,81,23,0,1,6,6,9,5,1,81,NA,NA
CNGG50,696,66,42,0,7,5,3,20,6,1,89,NA,NA
CNGG51,699,54,32,0,1,6,0,17,8,8,88,NA,NA
CNGG52,648,57,38,0,4,7,3,15,5,0,76,NA,NA
CNGG53,634,45,19,0,5,6,1,17,7,4,77,NA,NA
CNGG54,697,58,27,0,6,5,0,16,7,2,40,NA,NA
CNGG55,713,32,4,0,2,1,0,0,0,0,0,NA,NA
CNGG56,322,17,126,0,0,0,0,3,0,2,0,NA,NA
CNGG57,299,24,5,0,0,0,0,18,0,9,0,NA,NA
CNGH01,231,31,12,0,0,2,1,8,1,1,27,NA,NA
CNGH02,574,57,33,1,4,6,1,17,5,0,67,NA,NA
CNGH03,453,37,29,0,0,4,1,8,2,2,60,NA,NA
CNGH04,813,64,34,2,6,8,2,18,9,0,110,NA,NA
CNGH05,429,22,39,0,2,2,0,6,1,0,55,NA,NA
CNGH06,618,47,28,1,5,3,1,12,4,1,104,NA,NA
CNGH07,586,53,41,1,1,6,1,13,4,1,79,NA,NA
CNGH08,663,44,39,0,4,3,0,10,1,0,103,NA,NA
CNGH09,478,40,20,1,3,1,1,8,2,0,62,NA,NA
CNGH10,362,26,20,0,0,5,1,9,1,0,59,NA,NA
CNGH11,435,40,26,0,3,4,3,11,3,1,79,NA,NA
CNGH12,456,39,18,0,2,1,2,9,3,1,40,NA,NA
CNGH13,448,51,20,0,3,4,1,13,4,0,78,NA,NA
CNGH14,436,40,12,0,2,2,1,7,1,3,53,NA,NA
CNGH15,607,54,22,0,1,2,0,6,3,1,87,NA,NA
CNGH16,622,52,17,0,3,6,1,13,4,1,84,NA,NA
CNGH17,583,46,16,0,1,2,1,7,1,0,66,NA,NA
CNGH18,660,36,37,0,1,7,2,7,3,0,101,NA,NA
CNGH19,442,41,17,0,1,4,1,10,4,4,56,NA,NA
CNGH20,561,47,33,1,2,2,1,15,3,2,73,NA,NA
CNGH21,740,64,41,0,1,5,4,14,3,3,97,NA,NA
CNGH22,563,66,29,1,3,8,5,21,12,1,79,NA,NA
CNGH23,236,24,7,0,0,2,0,7,1,1,25,NA,NA
CNGH24,741,59,26,0,2,3,1,12,3,1,106,NA,NA
CNGH25,789,70,47,0,2,6,1,18,4,2,93,NA,NA
CNGH26,596,52,27,0,2,2,3,9,2,1,98,NA,NA
CNGH27,394,28,11,0,1,0,2,11,2,0,34,NA,NA
CNGH28,629,64,27,0,1,2,4,12,2,2,77,NA,NA
CNGH29,399,27,31,0,1,3,2,6,2,1,38,NA,NA
CNGH30,491,48,28,0,1,3,3,10,2,0,73,NA,NA
CNGH31,694,58,47,0,1,1,0,8,1,0,97,NA,NA
CNGH32,331,31,24,0,2,2,1,7,2,0,58,NA,NA
CNGH33,371,38,15,0,1,1,1,4,0,0,56,NA,NA
CNGH34,399,32,24,1,0,0,0,5,0,1,64,NA,NA
CNGH35,585,72,23,1,2,3,0,7,4,1,82,NA,NA
CNGH36,545,58,30,0,3,3,3,15,4,2,78,NA,NA
CNGH37,594,57,31,0,0,8,0,8,3,0,100,NA,NA
CNGH38,494,51,15,0,1,5,1,15,5,0,44,NA,NA
CNGH39,571,76,29,0,2,3,3,14,3,3,84,NA,NA
CNGH40,596,63,30,0,2,3,1,8,4,1,73,NA,NA
CNGH41,764,93,42,0,2,7,2,14,6,1,99,NA,NA
CNGH42,585,84,24,0,0,6,2,10,1,0,74,NA,NA
CNGH43,507,56,20,0,1,1,2,13,4,4,60,NA,NA
CNGH44,438,37,21,0,2,2,0,8,2,3,84,NA,NA
CNGH45,624,70,21,1,4,1,1,11,1,2,55,NA,NA
CNGH46,550,50,28,0,5,2,3,9,5,0,93,NA,NA
CNGH47,432,44,14,0,1,3,0,7,6,1,52,NA,NA
CNGH48,434,49,7,1,4,4,3,12,6,2,34,NA,NA
CNGH49,539,54,21,1,2,1,3,8,0,0,92,NA,NA
CNGH50,242,28,10,0,0,0,1,2,0,0,30,NA,NA
CNGH51,260,28,12,0,3,1,0,6,1,2,27,NA,NA
CNGH54,378,25,16,0,1,2,0,15,1,2,43,NA,NA
CNGH55,170,9,12,0,0,0,2,0,0,0,0,NA,NA
CNGJ01,490,62,26,1,5,5,0,16,4,1,72,NA,NA
CNGJ02,419,46,19,0,5,5,3,13,2,0,53,NA,NA
CNGJ03,762,62,21,0,3,6,0,13,6,3,77,NA,NA
CNGJ04,362,25,15,0,0,1,1,6,2,1,32,NA,NA
CNGJ05,580,58,27,1,1,4,2,12,2,5,79,NA,NA
CNGJ06,502,52,23,0,3,2,0,9,3,3,69,NA,NA
CNGJ07,508,48,18,0,2,6,1,8,7,0,76,NA,NA
CNGJ08,480,43,18,0,1,1,3,8,2,0,58,NA,NA
CNGJ09,334,20,8,0,0,1,2,5,1,1,28,NA,NA
CNGJ10,395,55,11,1,0,4,2,10,3,2,42,NA,NA
CNGJ11,409,37,11,0,2,6,0,9,3,1,37,NA,NA
CNGJ12,513,33,20,0,3,1,0,7,4,0,70,NA,NA
CNGJ13,535,46,25,0,1,4,0,6,3,2,61,NA,NA
CNGJ14,470,40,26,0,2,0,0,8,2,1,56,NA,NA
CNGJ15,259,21,15,0,1,2,2,5,1,1,39,NA,NA
CNGJ16,537,62,20,0,3,8,1,15,6,0,40,NA,NA
CNGJ17,681,86,21,0,3,13,2,24,8,6,95,NA,NA
CNGJ18,420,42,15,1,1,2,0,12,4,3,52,NA,NA
CNGJ19,684,60,36,1,1,4,2,17,7,1,93,NA,NA
CNGJ20,489,55,18,0,1,4,2,12,5,1,57,NA,NA
CNGJ21,334,27,11,2,1,2,0,7,1,1,35,NA,NA
CNGJ22,471,34,30,0,2,3,0,10,2,10,74,NA,NA
CNGJ23,285,17,21,0,3,2,0,6,1,1,38,NA,NA
CNGJ24,318,23,19,0,0,1,0,4,1,1,40,NA,NA
CNGJ25,455,41,14,0,1,6,0,12,3,5,49,NA,NA
CNGJ26,342,39,15,0,2,4,2,11,3,2,32,NA,NA
CNGJ27,302,23,21,0,5,3,0,9,2,0,36,NA,NA
CNGJ28,440,39,15,0,3,1,0,7,1,4,38,NA,NA
CNGJ29,424,40,14,0,2,3,0,22,2,10,27,NA,NA
CNGJ30,410,42,16,1,3,0,1,9,0,2,51,NA,NA
CNGJ31,617,43,24,0,3,2,1,14,4,3,39,NA,NA
CNGJ32,738,76,37,0,2,4,0,14,5,2,82,NA,NA
CNGJ33,789,70,30,0,5,11,3,31,13,1,85,NA,NA
CNGJ34,471,36,18,1,2,5,0,14,3,1,62,NA,NA
CNGJ35,493,34,17,2,3,3,0,9,1,1,35,NA,NA
CNGJ36,631,65,16,0,5,2,4,20,7,3,63,NA,NA
CNGJ37,658,48,14,0,4,3,1,27,6,5,53,NA,NA
CNGJ38,608,50,20,1,5,3,1,19,6,3,49,NA,NA
CNGJ39,613,46,9,0,2,1,0,19,3,13,52,NA,NA
CNGJ40,491,43,18,0,1,1,0,19,0,9,44,NA,NA
CNGJ41,95,7,2,0,0,1,0,2,0,0,11,NA,NA
CNGJ42,229,19,11,0,1,0,0,9,2,3,27,NA,NA
CNGJ43,446,39,15,0,2,2,2,13,1,7,70,NA,NA
CNGJ44,425,25,48,0,2,0,0,14,2,7,30,NA,NA
CNGJ45,340,18,10,1,0,0,0,10,1,11,46,NA,NA
CNGJ46,449,30,18,0,0,2,1,9,0,3,47,NA,NA
CNGJ47,374,23,8,0,1,0,1,9,2,6,20,NA,NA
CNGJ48,413,41,4,0,1,2,0,13,2,8,20,NA,NA
CNGJ49,358,20,2,0,1,0,0,13,2,8,36,NA,NA
CNGJ50,627,48,14,0,4,7,1,26,7,3,78,NA,NA
CNGJ51,621,57,20,0,5,5,4,20,8,3,66,NA,NA
CNGJ52,637,52,5,0,4,3,0,21,3,1,54,NA,NA
CNGJ53,699,51,8,0,2,2,2,18,4,4,62,NA,NA
CNGJ54,632,56,12,4,1,4,7,26,7,4,65,NA,NA
CNGJ55,587,36,10,1,1,1,0,21,1,10,30,NA,NA
CNGJ56,447,15,9,0,1,1,0,7,0,5,36,NA,NA
CNGJ57,527,50,12,0,3,1,1,18,2,6,48,NA,NA
CNGJ58,476,45,9,0,2,4,1,17,2,4,50,NA,NA
CNGJ59,661,49,24,0,4,2,0,11,5,3,65,NA,NA
CNGJ61,141,9,91,0,0,0,0,0,0,0,0,NA,NA
CNGK01,802,63,25,1,11,11,3,30,14,1,100,NA,NA
CNGK02,679,51,18,0,8,9,0,22,8,0,127,NA,NA
CNGK03,569,63,16,0,7,9,2,25,11,1,89,NA,NA
CNGK04,672,63,26,1,5,4,3,18,5,0,92,NA,NA
CNGK05,596,56,17,2,3,6,2,21,4,1,96,NA,NA
CNGK06,739,51,30,1,8,2,1,23,5,3,121,NA,NA
CNGK07,639,44,13,1,5,1,2,17,5,1,82,NA,NA
CNGK08,555,51,24,1,6,6,1,23,8,0,78,NA,NA
CNGK09,667,57,53,0,1,6,1,12,3,1,84,NA,NA
CNGK10,711,42,20,0,5,4,2,22,4,2,69,NA,NA
CNGK11,665,51,28,1,4,5,1,17,3,1,133,NA,NA
CNGK12,587,52,7,1,6,4,4,32,10,5,68,NA,NA
CNGK13,727,56,26,1,5,5,3,25,5,1,89,NA,NA
CNGK14,665,62,19,0,6,4,2,26,6,3,68,NA,NA
CNGK15,732,52,12,0,3,5,1,26,7,6,51,NA,NA
CNGK16,690,70,24,1,6,7,5,28,6,2,76,NA,NA
CNGK17,599,58,14,0,6,4,0,17,5,4,49,NA,NA
CNGK18,786,62,25,1,7,1,4,21,4,0,104,NA,NA
CNGK19,607,52,20,0,4,6,2,18,6,3,68,NA,NA
CNGK20,585,37,19,1,5,2,1,18,1,5,68,NA,NA
CNGK21,573,32,16,0,6,2,2,12,4,0,74,NA,NA
CNGK22,518,39,13,0,6,1,3,19,4,1,62,NA,NA
CNGK23,442,28,7,0,1,2,0,11,2,1,61,NA,NA
CNGK24,398,24,28,0,0,2,0,6,1,1,87,NA,NA
CNGK25,341,23,12,0,3,1,1,11,1,3,21,NA,NA
CNGK26,600,45,18,0,3,4,0,19,6,7,85,NA,NA
CNGK27,667,52,5,0,2,2,0,28,6,7,35,NA,NA
CNGK28,536,38,12,1,7,1,2,20,11,8,49,NA,NA
CNGK29,613,54,16,0,8,2,1,23,8,5,52,NA,NA
CNGK30,547,50,11,2,2,6,2,23,9,5,45,NA,NA
CNGK31,509,38,11,0,3,2,1,12,6,6,37,NA,NA
CNGK32,499,39,4,1,4,4,0,21,7,4,22,NA,NA
CNGK33,549,37,17,0,4,5,0,13,6,3,43,NA,NA
CNGK34,581,41,29,0,7,1,1,20,5,4,53,NA,NA
CNGK35,575,40,16,0,4,1,1,19,4,3,46,NA,NA
CNGK36,368,20,6,0,3,2,1,10,3,4,29,NA,NA
CNGK37,413,31,10,0,2,2,0,13,2,2,34,NA,NA
CNGK38,596,50,25,1,5,3,1,16,9,2,68,NA,NA
CNGK39,736,61,20,1,4,7,2,25,5,1,74,NA,NA
CNGK40,509,40,18,0,2,1,2,14,3,6,60,NA,NA
CNGK41,717,53,24,0,9,3,0,24,6,7,66,NA,NA
CNGK42,481,30,13,0,4,2,0,18,4,4,38,NA,NA
CNGK43,584,42,12,1,4,3,1,24,7,2,52,NA,NA
CNGK44,568,63,31,0,10,8,0,27,8,2,45,NA,NA
CNGK45,735,78,28,1,6,4,1,26,7,3,83,NA,NA
CNGK46,517,50,19,0,2,1,0,14,4,3,66,NA,NA
CNGK47,525,49,25,1,4,6,4,16,3,2,64,NA,NA
CNGK48,633,58,15,0,1,3,1,27,6,4,64,NA,NA
CNGK52,323,19,86,0,0,0,0,2,0,2,0,NA,NA
CNGK53,308,25,1,1,0,2,0,9,1,3,18,NA,NA
CNGK54,549,42,50,1,1,0,1,10,2,3,95,NA,NA
CNGL01,816,64,5,0,2,0,0,25,1,19,33,NA,NA
CNGL02,760,49,4,0,0,0,0,23,5,12,45,NA,NA
CNGL03,701,59,2,0,0,1,0,34,9,16,33,NA,NA
CNGL04,681,44,6,0,3,0,0,29,8,7,31,NA,NA
CNGL05,569,44,2,1,1,0,0,27,7,14,25,NA,NA
CNGL06,763,56,4,0,1,1,0,25,8,10,56,NA,NA
CNGL07,731,58,3,0,1,3,0,34,4,13,39,NA,NA
CNGL08,719,46,16,0,1,5,2,15,3,3,71,NA,NA
CNGL09,879,71,10,0,3,0,1,33,10,9,76,NA,NA
CNGL10,667,58,6,0,1,2,0,20,3,11,51,NA,NA
CNGL11,472,34,10,1,1,2,2,15,5,3,48,NA,NA
CNGL12,757,69,4,0,0,2,0,34,6,22,38,NA,NA
CNGL13,761,48,18,1,4,2,0,20,8,5,66,NA,NA
CNGL14,840,51,26,0,5,2,2,22,3,6,83,NA,NA
CNGL15,787,44,6,0,4,1,0,18,4,4,78,NA,NA
CNGL16,627,48,2,0,1,1,0,23,4,5,30,NA,NA
CNGL17,647,47,4,0,2,1,0,25,3,12,50,NA,NA
CNGL18,758,53,2,0,0,1,1,33,2,15,44,NA,NA
CNGL19,623,44,4,0,2,0,0,23,5,7,39,NA,NA
CNGL20,379,24,5,0,0,3,1,13,3,4,24,NA,NA
CNGL21,804,66,4,0,0,1,0,32,2,17,48,NA,NA
CNGL22,538,39,10,0,2,0,0,9,1,3,77,NA,NA
CNGL23,628,47,12,0,3,0,1,12,2,3,83,NA,NA
CNGL24,615,50,18,0,2,4,2,23,7,9,86,NA,NA
CNGL25,705,49,25,2,1,3,1,13,2,0,118,NA,NA
CNGL26,713,54,13,0,4,4,1,29,6,7,54,NA,NA
CNGL27,700,57,12,1,3,1,0,34,7,9,35,NA,NA
CNGL28,660,53,1,0,2,3,0,31,6,9,46,NA,NA
CNGL29,607,46,10,0,1,2,0,20,6,13,59,NA,NA
CNGL30,706,54,10,0,0,0,0,14,1,6,57,NA,NA
CNGL31,653,38,6,0,2,3,0,17,3,9,62,NA,NA
CNGL32,554,49,9,0,1,1,1,19,6,3,68,NA,NA
CNGL33,666,48,17,0,3,4,4,23,4,1,89,NA,NA
CNGL34,640,56,14,0,3,4,0,33,8,5,55,NA,NA
CNGL35,646,51,14,1,2,1,0,23,4,9,79,NA,NA
CNGL36,679,54,5,0,0,2,1,28,2,13,43,NA,NA
CNGL37,679,43,10,1,1,1,0,21,1,13,63,NA,NA
CNGL38,681,47,11,0,0,0,0,20,0,15,61,NA,NA
CNGL39,664,58,3,0,1,2,0,31,6,15,27,NA,NA
CNGL40,689,52,27,0,1,2,0,27,6,14,32,NA,NA
CNGL41,920,75,5,0,0,0,0,32,3,25,38,NA,NA
CNGL42,782,64,13,0,5,1,0,38,11,13,56,NA,NA
CNGL43,854,65,10,0,2,1,0,32,5,9,56,NA,NA
CNGL44,706,54,3,1,2,1,0,26,6,18,30,NA,NA
CNGL45,422,45,9,0,0,1,0,15,1,4,53,NA,NA
CNGL46,634,52,8,0,0,1,0,25,6,14,29,NA,NA
CNGL47,516,42,7,0,0,0,0,13,1,12,40,NA,NA
CNGL48,733,46,23,0,1,0,0,19,4,12,55,NA,NA
CNGL49,706,56,6,1,2,2,0,26,3,14,43,NA,NA
CNGL50,722,50,7,0,1,1,0,22,4,11,38,NA,NA
CNGL51,739,52,7,0,0,1,0,20,4,13,27,NA,NA
CNGL52,1001,87,23,0,1,2,1,31,6,20,60,NA,NA
CNGL53,681,58,5,0,2,3,1,31,7,6,47,NA,NA
CNGL54,539,38,8,0,2,1,1,21,2,9,66,NA,NA
CNGL55,616,42,18,0,4,1,0,21,1,10,56,NA,NA
CNGL56,617,38,12,0,2,3,0,21,5,8,49,NA,NA
CNGL57,416,33,12,0,1,2,3,10,0,1,54,NA,NA
CNGL58,115,9,1,0,0,0,0,9,0,5,0,NA,NA
CNGM01,396,28,10,0,1,2,0,8,3,1,49,NA,NA
CNGM02,831,57,5,0,2,2,0,29,1,9,71,NA,NA
CNGM03,740,52,15,0,2,1,1,14,1,4,88,NA,NA
CNGM04,762,69,3,1,1,3,1,28,6,15,45,NA,NA
CNGM05,823,62,14,1,3,3,0,40,9,7,76,NA,NA
CNGM06,800,63,4,0,3,5,0,37,7,10,51,NA,NA
CNGM07,470,43,19,0,5,5,2,26,5,1,31,NA,NA
CNGM08,760,53,9,0,1,1,1,23,5,6,53,NA,NA
CNGM09,792,48,29,0,4,2,2,27,6,0,93,NA,NA
CNGM10,745,53,19,0,1,4,0,23,4,4,71,NA,NA
CNGM11,734,47,18,1,5,2,0,15,5,1,115,NA,NA
CNGM12,593,58,30,0,4,8,1,21,4,1,80,NA,NA
CNGM13,588,44,20,1,2,6,1,14,3,0,76,NA,NA
CNGM14,772,45,22,1,5,9,0,20,8,2,76,NA,NA
CNGM15,643,52,11,0,3,7,2,27,8,5,63,NA,NA
CNGM16,663,47,21,0,2,3,1,20,4,2,98,NA,NA
CNGM17,592,41,7,0,2,0,1,22,4,3,38,NA,NA
CNGM18,493,35,9,0,0,0,0,17,1,10,40,NA,NA
CNGM19,512,32,7,0,1,1,1,12,0,4,42,NA,NA
CNGM20,297,18,4,0,0,1,0,9,1,4,30,NA,NA
CNGM21,500,35,18,0,1,0,0,15,1,13,55,NA,NA
CNGM22,522,35,31,0,2,1,0,10,4,3,83,NA,NA
CNGM23,399,28,12,0,1,0,0,11,1,3,59,NA,NA
CNGM24,666,53,23,1,2,5,1,25,4,5,78,NA,NA
CNGM25,630,49,24,1,1,1,3,19,1,3,84,NA,NA
CNGM26,677,58,5,0,6,3,1,30,8,7,37,NA,NA
CNGM27,628,41,10,0,2,1,0,19,4,5,44,NA,NA
CNGM28,538,41,7,0,2,0,0,24,3,6,30,NA,NA
CNGM29,616,62,7,0,5,3,0,39,5,11,19,NA,NA
CNGM30,923,72,10,0,2,0,1,43,11,11,34,NA,NA
CNGM31,618,54,7,1,2,1,0,32,9,18,20,NA,NA
CNGM32,771,61,10,1,4,5,0,38,13,9,38,NA,NA
CNGM33,616,52,19,1,6,0,1,22,3,8,50,NA,NA
CNGM34,379,29,16,0,1,2,0,6,3,0,55,NA,NA
CNGM35,728,50,24,0,1,2,4,22,3,6,42,NA,NA
CNGM36,590,43,11,0,5,1,1,17,3,2,48,NA,NA
CNGM37,677,54,16,0,1,0,1,25,3,11,55,NA,NA
CNGM38,724,51,4,0,2,3,0,22,5,9,64,NA,NA
CNGM39,767,69,5,0,3,1,0,27,4,9,57,NA,NA
CNGM40,158,15,2,0,1,0,0,6,1,1,16,NA,NA
CNGM41,502,41,8,1,2,0,0,20,6,4,26,NA,NA
CNGM42,135,8,4,0,0,0,0,4,0,2,18,NA,NA
CNGM43,80,10,1,0,0,0,0,3,1,2,6,NA,NA
CNGM44,619,46,4,1,0,1,0,26,5,10,48,NA,NA
CNGM45,584,44,9,2,3,1,2,25,8,3,57,NA,NA
CNGM46,791,65,12,0,2,2,0,26,4,11,88,NA,NA
CNGM47,461,49,1,0,3,1,0,26,6,4,20,NA,NA
CNGM48,707,69,2,0,1,3,0,29,6,8,34,NA,NA
CNGM49,805,59,5,1,0,2,0,32,6,14,20,NA,NA
CNGM50,706,60,5,0,4,3,3,40,10,12,21,NA,NA
CNGM51,448,35,3,0,4,1,0,22,2,6,17,NA,NA
CNGM52,323,17,3,0,1,1,1,9,4,0,17,NA,NA
CNGM53,585,45,9,0,4,0,0,24,9,12,39,NA,NA
CNGM54,619,45,9,2,3,2,0,21,5,2,40,NA,NA
CNGM55,910,80,7,0,7,1,0,34,10,5,36,NA,NA
CNGM56,651,57,8,0,1,2,0,32,8,10,33,NA,NA
CNGM57,822,71,9,1,9,2,1,47,14,9,29,NA,NA
CNGM58,606,44,13,1,1,2,1,15,6,1,55,NA,NA
CNGM59,644,45,11,1,3,2,1,20,7,2,76,NA,NA
CNGM60,637,49,14,0,3,3,0,22,4,5,59,NA,NA
CNGM61,743,62,14,2,6,6,4,35,6,2,52,NA,NA
CNGM62,584,42,14,0,7,5,2,19,8,2,91,NA,NA
CNGM63,717,42,14,0,4,0,1,14,1,2,61,NA,NA
CNGN01,637,57,10,0,2,1,0,24,5,5,53,NA,NA
CNGN02,702,43,5,2,0,3,0,24,1,7,51,NA,NA
CNGN03,652,51,5,1,4,4,0,27,8,4,35,NA,NA
CNGN04,650,61,6,1,3,0,1,25,9,8,50,NA,NA
CNGN05,668,56,8,0,2,0,0,27,6,7,32,NA,NA
CNGN06,857,72,11,0,6,5,2,41,10,7,70,NA,NA
CNGN07,757,61,8,1,2,3,0,32,2,9,59,NA,NA
CNGN08,659,49,5,0,1,0,0,21,5,9,37,NA,NA
CNGN09,651,61,5,0,0,1,1,29,4,21,23,NA,NA
CNGN10,650,58,14,0,3,8,1,27,6,5,57,NA,NA
CNGN11,752,53,8,0,1,1,1,19,4,12,33,NA,NA
CNGN12,976,76,4,0,6,3,0,40,8,9,44,NA,NA
CNGN13,314,26,4,0,0,0,0,12,2,4,9,NA,NA
CNGN14,758,55,6,2,2,0,0,31,4,6,37,NA,NA
CNGN15,752,52,8,0,1,3,0,24,3,10,55,NA,NA
CNGN16,503,34,7,0,2,1,0,16,4,9,52,NA,NA
CNGN17,671,51,12,0,0,2,0,26,5,10,64,NA,NA
CNGN18,686,55,6,0,0,1,0,28,4,13,36,NA,NA
CNGN19,666,59,4,0,0,1,1,32,3,18,43,NA,NA
CNGN20,717,57,6,1,4,0,1,30,6,7,59,NA,NA
CNGN21,751,60,8,0,1,0,2,24,4,14,68,NA,NA
CNGN22,602,51,10,0,6,0,0,22,3,4,58,NA,NA
CNGN23,707,52,9,1,1,2,0,27,1,5,55,NA,NA
CNGN24,624,50,10,0,2,3,1,28,4,2,79,NA,NA
CNGN25,728,64,7,0,2,2,1,32,3,12,52,NA,NA
CNGN26,606,58,6,0,1,1,2,21,4,5,52,NA,NA
CNGN27,489,37,11,1,3,1,1,14,3,2,63,NA,NA
CNGN28,726,63,1,0,1,2,1,33,2,18,33,NA,NA
CNGN29,881,73,10,0,0,0,0,29,2,21,60,NA,NA
CNGN30,622,57,5,0,6,4,0,33,10,9,36,NA,NA
CNGN31,650,52,10,0,0,2,0,26,4,11,65,NA,NA
CNGN32,666,59,10,1,5,1,0,26,1,8,55,NA,NA
CNGN33,643,61,3,2,0,1,0,28,3,16,41,NA,NA
CNGN34,643,51,10,0,0,1,0,24,4,10,38,NA,NA
CNGN35,730,59,39,0,2,0,0,22,2,12,65,NA,NA
CNGN36,767,60,5,0,3,1,0,33,3,10,50,NA,NA
CNGN37,573,64,18,0,3,3,1,22,5,1,65,NA,NA
CNGN38,628,53,16,0,5,0,2,19,5,4,85,NA,NA
CNGN39,684,52,7,0,0,0,0,22,2,10,53,NA,NA
CNGN40,584,52,7,0,1,0,1,31,3,12,52,NA,NA
CNGN41,738,51,5,0,1,0,0,26,4,16,45,NA,NA
CNGN42,830,63,23,0,1,0,0,33,5,13,50,NA,NA
CNGN43,745,61,7,0,0,1,2,34,6,14,54,NA,NA
CNGN44,847,74,12,0,1,3,0,37,3,14,39,NA,NA
CNGN45,533,33,2,0,0,1,0,13,2,6,42,NA,NA
CNGN46,670,48,13,0,5,4,1,34,4,7,23,NA,NA
CNGN47,575,43,17,0,1,0,0,24,2,5,48,NA,NA
CNGN48,547,53,10,1,2,1,1,27,6,9,47,NA,NA
CNGN49,876,67,17,0,5,2,2,24,4,7,93,NA,NA
CNGN50,534,34,13,0,1,0,0,9,1,6,92,NA,NA
CNGN51,538,33,12,1,0,0,0,13,4,1,64,NA,NA
CNGN52,833,65,12,0,3,0,0,33,5,13,34,NA,NA
CNGN53,719,57,10,0,2,2,1,30,5,12,40,NA,NA
CNGN54,645,51,6,1,3,1,0,22,6,8,44,NA,NA
CNGP01,247,25,10,0,3,1,0,7,3,0,34,NA,NA
CNGP02,408,43,8,0,6,2,2,21,11,1,64,NA,NA
CNGP03,828,93,41,0,4,4,4,15,3,0,105,NA,NA
CNGP04,638,62,20,1,2,3,2,15,3,3,84,NA,NA
CNGP05,657,58,34,0,5,10,1,27,7,1,114,NA,NA
CNGP06,618,44,16,1,1,3,5,17,2,0,70,NA,NA
CNGP07,495,62,19,0,0,3,3,10,2,0,56,NA,NA
CNGP08,514,59,20,0,3,6,0,14,5,0,64,NA,NA
CNGP09,404,43,10,0,4,1,0,10,4,0,44,NA,NA
CNGP10,594,59,22,2,4,2,1,11,1,0,86,NA,NA
CNGP11,561,37,14,0,3,2,0,10,4,0,101,NA,NA
CNGP12,720,64,21,0,7,5,3,22,6,0,81,NA,NA
CNGP13,506,37,15,0,4,2,0,7,7,0,81,NA,NA
CNGP14,521,35,10,3,1,1,0,7,3,0,95,NA,NA
CNGP15,576,41,17,2,5,4,2,22,6,0,71,NA,NA
CNGP16,259,18,7,0,2,1,1,4,2,0,46,NA,NA
CNGP17,763,53,20,0,6,3,2,20,7,0,87,NA,NA
CNGP18,665,56,23,0,5,4,0,24,7,8,66,NA,NA
CNGP19,619,58,12,2,6,6,1,30,12,3,78,NA,NA
CNGP20,543,33,19,0,1,3,0,12,5,4,82,NA,NA
CNGP21,614,75,25,0,2,4,4,10,4,0,74,NA,NA
CNGP22,557,43,22,0,6,0,1,17,6,1,59,NA,NA
CNGP23,680,57,25,0,6,0,1,8,3,1,78,NA,NA
CNGP24,561,59,15,0,6,3,1,17,5,0,45,NA,NA
CNGP25,652,44,22,0,5,3,2,18,5,3,75,NA,NA
CNGP26,692,60,19,0,4,7,2,21,9,0,87,NA,NA
CNGP27,672,61,35,2,4,2,0,26,7,2,64,NA,NA
CNGP28,642,51,13,1,4,4,0,18,5,0,76,NA,NA
CNGP29,624,43,16,1,4,4,1,19,6,2,59,NA,NA
CNGP30,458,46,11,0,2,3,1,9,4,0,76,NA,NA
CNGP31,411,50,10,0,2,4,0,12,4,0,34,NA,NA
CNGP32,571,58,33,0,4,1,3,14,4,2,80,NA,NA
CNGP33,630,74,24,0,9,2,2,17,9,1,79,NA,NA
CNGP34,762,78,27,0,9,5,0,23,5,2,70,NA,NA
CNGP35,836,75,28,1,3,11,2,22,5,1,90,NA,NA
CNGP36,545,57,13,1,1,4,0,9,2,0,95,NA,NA
CNGP37,622,61,26,0,5,4,2,11,5,1,92,NA,NA
CNGP38,681,63,23,0,7,3,2,18,4,2,87,NA,NA
CNGP39,627,53,18,0,2,3,1,11,4,1,97,NA,NA
CNGP40,720,54,34,2,4,1,1,19,5,2,93,NA,NA
CNGP41,686,56,27,1,4,4,1,20,6,1,94,NA,NA
CNGP42,549,48,29,1,4,5,3,19,9,0,99,NA,NA
CNGP43,573,54,26,1,3,3,2,20,3,0,86,NA,NA
CNGP44,689,53,38,3,6,4,7,23,10,0,104,NA,NA
CNGP45,510,44,11,1,1,4,1,14,2,1,46,NA,NA
CNGP46,619,42,36,0,4,2,2,11,2,0,109,NA,NA
CNGP47,679,67,21,0,6,4,2,14,7,0,98,NA,NA
CNGP48,551,42,17,0,3,5,0,12,3,0,68,NA,NA
CNGP49,681,48,27,0,3,6,1,13,2,1,102,NA,NA
CNGP50,753,73,37,0,1,6,0,14,2,0,98,NA,NA
CNGP51,556,54,26,0,4,7,0,16,5,0,84,NA,NA
CNGP52,667,51,21,0,5,4,2,18,3,2,70,NA,NA
CNGQ01,497,49,15,1,1,2,0,20,6,5,56,NA,NA
CNGQ02,506,46,29,2,1,2,1,7,3,0,71,NA,NA
CNGQ03,584,53,19,1,4,4,2,17,4,2,67,NA,NA
CNGQ04,535,55,27,0,5,5,1,17,4,1,75,NA,NA
CNGQ05,571,47,17,0,5,2,1,14,4,0,76,NA,NA
CNGQ06,644,52,22,3,5,4,3,20,4,0,81,NA,NA
CNGQ07,782,64,12,0,1,6,0,21,5,2,89,NA,NA
CNGQ08,437,39,20,0,5,2,2,16,4,3,72,NA,NA
CNGQ09,617,55,28,0,4,7,0,12,3,0,106,NA,NA
CNGQ10,546,48,14,1,2,4,5,20,2,0,71,NA,NA
CNGQ11,672,50,28,0,4,4,3,24,3,1,102,NA,NA
CNGQ12,629,54,12,0,2,4,2,16,5,1,83,NA,NA
CNGQ13,679,66,20,0,2,8,3,20,7,1,87,NA,NA
CNGQ14,633,46,25,0,2,5,2,18,5,0,90,NA,NA
CNGQ15,549,59,16,0,3,3,4,19,3,2,63,NA,NA
CNGQ16,577,53,15,0,1,5,3,10,1,0,101,NA,NA
CNGQ17,414,33,20,0,1,2,1,7,2,0,68,NA,NA
CNGQ18,730,52,6,2,7,1,2,31,10,8,44,NA,NA
CNGQ19,665,47,17,0,7,6,2,26,4,1,74,NA,NA
CNGQ20,712,57,8,0,1,5,1,18,7,5,58,NA,NA
CNGQ21,696,47,11,0,2,1,0,20,4,20,41,NA,NA
CNGQ22,782,67,2,0,2,4,0,27,10,9,34,NA,NA
CNGQ23,716,59,26,0,3,3,0,19,1,7,90,NA,NA
CNGQ24,691,45,10,0,4,0,0,23,2,9,50,NA,NA
CNGQ25,597,37,12,1,3,0,0,10,4,2,70,NA,NA
CNGQ26,639,57,10,1,2,3,2,28,5,3,48,NA,NA
CNGQ28,828,72,12,0,1,0,0,33,3,13,66,NA,NA
CNGQ29,562,51,18,2,5,3,1,16,6,0,75,NA,NA
CNGQ30,649,48,18,1,6,6,1,22,8,0,80,NA,NA
CNGQ31,682,51,9,0,8,3,2,34,9,11,32,NA,NA
CNGQ32,598,44,16,0,3,2,0,19,1,8,49,NA,NA
CNGQ33,474,36,12,0,1,0,0,9,1,5,64,NA,NA
CNGQ34,427,32,16,0,2,1,1,16,3,3,53,NA,NA
CNGQ35,226,24,7,0,0,2,0,7,1,1,27,NA,NA
CNGQ36,401,32,3,0,0,1,1,2,0,8,15,NA,NA
CNGQ37,567,48,10,0,3,3,2,16,5,1,49,NA,NA
CNGQ38,632,69,17,0,6,5,0,24,8,4,82,NA,NA
CNGQ39,704,62,16,1,6,8,2,22,3,1,71,NA,NA
CNGQ40,704,68,17,0,5,3,7,26,4,1,94,NA,NA
CNGQ41,763,61,28,0,5,6,5,23,9,2,89,NA,NA
CNGQ42,770,62,19,0,2,3,2,27,10,1,75,NA,NA
CNGQ43,680,46,27,0,2,3,1,13,5,3,130,NA,NA
CNGQ44,602,55,28,0,4,6,2,19,7,2,88,NA,NA
CNGR01,590,55,27,0,5,4,1,22,11,2,55,NA,NA
CNGR02,836,60,27,0,3,6,0,26,3,6,113,NA,NA
CNGR03,676,64,12,0,6,6,3,23,10,1,76,NA,NA
CNGR04,738,59,19,2,7,9,2,32,10,3,41,NA,NA
CNGR05,785,71,32,0,7,5,2,25,12,1,83,NA,NA
CNGR06,753,64,22,0,10,8,3,32,13,1,70,NA,NA
CNGR07,619,55,17,0,5,3,0,15,2,3,80,NA,NA
CNGR08,452,25,17,0,1,1,0,7,2,0,48,NA,NA
CNGR09,727,66,12,1,6,2,2,27,4,4,49,NA,NA
CNGR10,559,48,14,0,4,3,2,13,4,2,106,NA,NA
CNGR11,585,42,28,0,9,3,1,16,3,0,85,NA,NA
CNGR12,756,55,21,1,7,5,1,28,7,5,79,NA,NA
CNGR13,732,46,23,0,6,5,1,19,6,0,96,NA,NA
CNGR14,686,40,26,1,3,1,0,17,0,1,94,NA,NA
CNGR15,784,69,31,0,9,4,1,25,5,0,110,NA,NA
CNGR16,596,58,27,1,9,1,3,19,10,1,101,NA,NA
CNGR17,746,63,26,3,4,7,6,29,10,1,104,NA,NA
CNGR18,707,52,30,1,3,7,1,21,10,1,81,NA,NA
CNGR19,721,56,6,1,4,5,0,29,7,8,50,NA,NA
CNGR20,595,34,15,0,4,2,0,15,2,3,75,NA,NA
CNGR21,637,56,15,0,3,1,0,15,0,1,93,NA,NA
CNGR22,539,38,11,0,1,0,0,12,0,6,71,NA,NA
CNGR23,759,50,19,2,2,3,2,22,5,5,92,NA,NA
CNGR24,740,60,44,0,7,8,0,27,8,4,85,NA,NA
CNGR25,571,40,26,0,2,2,2,6,1,1,94,NA,NA
CNGR26,491,32,22,1,3,4,1,13,9,0,96,NA,NA
CNGR27,694,42,10,1,4,6,0,13,5,3,78,NA,NA
CNGR28,756,55,17,1,5,3,0,24,10,1,64,NA,NA
CNGR29,651,62,14,0,4,6,2,17,7,0,96,NA,NA
CNGR30,658,48,18,0,2,3,3,14,5,2,112,NA,NA
CNGR31,679,52,21,0,4,5,3,23,4,1,120,NA,NA
CNGR32,652,43,13,0,5,0,1,18,7,6,65,NA,NA
CNGR33,568,47,18,0,4,1,2,27,3,4,52,NA,NA
CNGR34,762,61,14,0,4,5,0,31,10,4,89,NA,NA
CNGR35,775,55,8,0,1,0,0,17,2,7,65,NA,NA
CNGR36,710,54,21,0,2,5,2,27,10,4,86,NA,NA
CNGR37,713,58,17,0,9,5,2,34,4,2,70,NA,NA
CNGR38,735,53,9,0,4,2,0,28,8,6,61,NA,NA
CNGR39,632,57,6,0,5,3,2,30,9,5,35,NA,NA
CNGR40,944,58,18,0,4,5,1,32,5,7,71,NA,NA
CNGR41,725,59,20,3,2,6,4,24,8,0,98,NA,NA
CNGR42,642,45,19,0,3,2,0,13,1,2,94,NA,NA
CNGR43,547,36,14,0,2,1,0,15,3,3,34,NA,NA
