ED91CD,total_residents,total_Active,unemployed,total_households,Overcrowded,Owned,no_car
CNFA01,762,273,41,243,13,95,138
CNFA02,560,192,26,183,5,81,102
CNFA03,705,294,25,220,16,101,115
CNFA04,695,284,22,216,9,124,77
CNFA05,577,193,15,195,7,84,121
CNFA06,767,290,33,241,13,109,149
CNFA07,540,251,21,187,11,75,105
CNFA08,625,244,20,190,14,118,90
CNFA09,751,298,15,225,5,197,72
CNFA10,602,187,19,210,7,45,147
CNFA11,534,194,23,161,9,68,95
CNFA12,526,216,22,172,13,105,83
CNFA13,483,210,10,160,3,112,77
CNFA14,638,261,19,200,11,142,81
CNFA15,498,210,19,172,8,134,74
CNFA16,573,251,12,187,3,168,74
CNFA17,605,238,19,203,4,117,112
CNFA18,681,251,26,205,5,139,84
CNFA19,559,224,18,172,2,146,66
CNFA20,575,209,16,206,2,126,117
CNFA21,724,308,17,229,5,209,88
CNFA22,358,73,14,153,1,44,130
CNFA23,481,218,10,175,5,124,89
CNFA24,404,149,10,154,6,72,94
CNFA25,698,305,11,229,8,204,80
CNFA26,467,132,17,159,5,72,98
CNFA27,710,260,26,234,5,129,131
CNFA28,697,284,21,227,8,140,106
CNFA29,550,213,17,174,3,117,89
CNFA30,490,214,12,159,5,134,54
CNFA31,735,277,8,229,9,221,72
CNFA32,571,226,13,201,3,178,66
CNFA33,708,299,15,220,7,205,64
CNFA34,697,299,7,223,7,210,68
CNFA35,706,241,10,244,5,178,96
CNFA37,888,335,30,259,11,139,113
CNFA38,351,116,12,105,12,7,62
CNFA39,692,302,16,210,15,156,90
CNFA40,714,283,20,183,2,170,51
CNFA41,590,264,12,200,7,137,62
CNFA42,620,254,14,228,5,167,108
CNFA43,536,215,9,180,5,104,73
CNFA44,634,335,8,200,4,195,12
CNFA45,633,211,15,232,4,143,116
CNFA46,674,316,10,234,3,218,62
CNFA47,575,239,25,167,5,108,64
CNFA48,630,204,21,173,4,89,76
CNFA49,546,159,18,183,2,56,113
CNFA50,524,236,14,166,4,92,72
CNFA51,667,265,16,213,5,114,87
CNFA52,570,216,20,179,7,103,71
CNFA53,649,227,17,225,8,122,126
CNFA54,531,185,14,181,5,106,101
CNFB01,616,238,10,192,7,152,91
CNFB02,478,206,10,166,6,118,85
CNFB03,623,250,14,247,5,140,136
CNFB04,744,234,37,237,22,132,139
CNFB05,524,171,36,165,27,100,101
CNFB07,550,187,16,192,22,137,111
CNFB08,772,265,42,241,38,135,140
CNFB09,337,125,29,165,11,6,139
CNFB10,463,114,21,201,1,5,157
CNFB11,648,201,25,194,28,97,130
CNFB12,508,167,17,134,22,113,84
CNFB13,704,229,48,181,44,91,113
CNFB14,602,171,32,147,35,114,101
CNFB15,492,142,18,197,9,27,151
CNFB16,434,157,28,165,5,20,125
CNFB17,648,195,31,198,12,24,149
CNFB18,879,250,48,193,68,122,128
CNFB19,530,172,57,196,22,42,157
CNFB20,595,192,47,168,13,61,111
CNFB21,493,216,16,188,16,85,108
CNFB22,334,106,13,128,23,38,98
CNFB23,423,113,38,190,11,22,161
CNFB24,704,261,45,187,53,100,113
CNFB25,734,245,59,213,45,90,154
CNFB26,596,216,42,189,16,56,129
CNFB27,709,271,67,208,19,46,160
CNFB28,619,202,29,210,32,45,169
CNFB29,431,163,38,174,14,10,143
CNFB30,589,199,41,206,23,31,147
CNFB32,397,150,31,143,7,28,103
CNFB33,378,148,33,109,18,37,68
CNFB34,679,252,38,182,30,95,115
CNFB35,568,169,27,164,33,69,119
CNFB36,483,214,41,228,11,4,207
CNFB37,616,198,35,224,18,30,182
CNFB38,626,242,45,200,22,32,139
CNFB39,707,269,49,218,24,49,151
CNFB40,536,181,38,207,15,28,154
CNFB41,396,152,35,191,2,1,179
CNFB42,622,203,39,209,16,24,166
CNFB43,419,144,39,175,5,14,147
CNFB44,458,205,33,175,6,19,136
CNFB45,626,233,27,205,18,44,151
CNFB46,520,201,52,230,5,20,193
CNFB47,339,130,26,153,5,3,131
CNFB48,540,186,33,237,8,23,187
CNFB49,359,82,20,159,3,11,139
CNFB50,447,179,35,211,4,21,180
CNFB51,439,160,37,191,7,4,160
CNFB52,359,135,20,156,3,8,129
CNFB54,372,136,21,159,6,10,137
CNFB55,500,179,24,171,7,45,127
CNFB58,322,98,26,0,0,0,0
CNFC01,242,121,8,77,1,70,8
CNFC02,565,271,11,181,0,176,12
CNFC03,564,214,20,192,11,63,112
CNFC04,677,243,26,220,5,96,120
CNFC05,547,236,25,189,7,74,112
CNFC06,742,341,10,205,2,192,15
CNFC07,655,256,25,225,12,99,123
CNFC08,587,269,18,210,12,78,110
CNFC09,630,255,25,212,10,77,113
CNFC10,690,217,19,228,12,67,134
CNFC11,553,267,13,167,4,151,40
CNFC12,650,369,12,200,3,196,14
CNFC13,692,294,31,239,9,133,106
CNFC14,630,257,22,218,12,66,134
CNFC15,635,338,3,195,4,191,22
CNFC16,643,350,10,193,1,187,26
CNFC17,634,199,17,213,5,120,107
CNFC18,502,225,7,170,0,115,53
CNFC19,411,202,14,172,3,62,72
CNFC20,546,138,23,206,3,45,124
CNFC21,589,136,5,200,5,88,110
CNFC22,583,154,25,230,5,32,155
CNFC23,578,207,26,194,7,62,107
CNFC24,391,117,4,165,2,61,109
CNFC25,625,223,20,192,12,33,99
CNFC26,367,136,14,118,2,46,57
CNFC27,677,194,16,238,8,69,131
CNFC28,559,166,11,193,5,76,99
CNFC29,770,306,15,228,6,163,65
CNFC30,728,335,12,221,3,197,56
CNFC31,499,86,11,177,5,60,109
CNFC32,522,169,27,189,4,63,107
CNFC33,526,201,17,173,3,101,76
CNFC34,515,211,22,189,11,52,116
CNFC35,576,265,31,268,3,12,180
CNFC36,655,236,7,180,0,173,28
CNFC37,585,139,17,221,3,64,148
CNFC38,517,144,12,198,3,86,126
CNFC39,539,172,17,169,7,46,107
CNFC40,337,124,12,103,0,56,38
CNFC41,510,149,11,187,6,70,119
CNFC42,587,180,24,230,6,51,170
CNFC43,416,173,24,187,4,4,144
CNFC44,545,279,16,192,1,112,61
CNFC45,532,192,31,223,12,9,164
CNFC46,609,226,15,228,12,91,114
CNFC47,583,215,27,237,9,15,179
CNFD01,561,268,11,193,7,138,73
CNFD02,769,275,33,225,12,114,100
CNFD03,580,225,4,179,3,170,37
CNFD04,715,257,15,195,4,190,18
CNFD05,637,222,12,222,4,89,109
CNFD06,651,180,29,216,5,120,95
CNFD07,445,129,13,212,8,24,158
CNFD08,707,238,27,206,8,115,100
CNFD09,702,250,15,228,6,136,102
CNFD10,721,245,13,214,2,179,35
CNFD11,604,148,24,221,6,93,146
CNFD12,791,294,19,265,6,137,136
CNFD13,820,318,10,233,2,201,41
CNFD14,675,267,13,208,2,194,42
CNFD15,659,234,33,195,11,88,97
CNFD16,700,245,41,224,6,98,123
CNFD17,572,205,18,185,3,84,87
CNFD18,641,210,15,205,6,71,126
CNFD19,734,281,13,229,4,134,107
CNFD20,671,248,22,204,5,112,93
CNFD21,544,201,25,170,6,82,85
CNFD22,693,238,10,227,5,103,121
CNFD23,628,227,21,226,9,106,121
CNFD24,621,234,27,203,6,90,117
CNFD25,797,262,26,248,12,86,140
CNFD26,615,210,27,193,8,87,97
CNFD27,561,183,18,167,7,81,84
CNFD28,646,217,21,211,9,100,121
CNFD29,750,283,25,239,6,146,107
CNFD30,611,215,31,237,4,69,128
CNFD31,767,336,22,222,3,213,33
CNFD32,711,279,16,230,10,124,102
CNFD33,746,247,33,293,9,74,182
CNFD34,374,124,8,120,3,51,74
CNFD35,700,245,27,225,13,121,120
CNFD36,754,365,10,241,3,220,49
CNFD37,705,218,31,216,1,115,107
CNFD38,755,228,21,246,8,99,156
CNFD39,673,235,25,219,7,115,110
CNFD40,577,233,17,190,11,104,100
CNFD41,576,229,15,190,4,130,61
CNFD42,619,242,8,204,5,143,76
CNFD43,620,251,6,196,3,186,72
CNFD44,631,280,16,192,0,170,49
CNFD45,625,260,17,206,4,174,76
CNFD46,599,207,13,198,5,126,91
CNFD47,610,242,6,181,1,180,28
CNFD48,787,303,16,236,4,235,29
CNFD49,847,394,10,232,1,226,20
CNFD50,733,312,10,235,4,227,47
CNFE01,734,213,13,255,1,114,103
CNFE02,430,146,13,196,2,44,98
CNFE03,550,176,11,198,0,84,97
CNFE04,747,342,9,222,8,79,62
CNFE05,705,289,15,222,2,95,55
CNFE06,746,295,9,227,2,136,46
CNFE07,349,60,6,131,0,34,79
CNFE08,706,249,6,241,2,102,91
CNFE09,583,265,10,185,2,151,45
CNFE10,589,243,18,230,4,108,104
CNFE11,504,231,7,181,3,155,67
CNFE12,520,224,10,158,7,110,68
CNFE13,467,202,8,157,7,142,52
CNFE14,458,145,15,170,1,90,100
CNFE15,641,235,10,193,5,139,92
CNFE16,606,260,25,189,9,110,89
CNFE17,560,220,22,192,9,114,94
CNFE18,541,224,18,183,5,123,82
CNFE19,636,256,35,195,6,122,88
CNFE20,592,231,5,176,3,157,50
CNFE21,660,309,9,203,8,200,42
CNFE22,682,299,14,244,4,212,63
CNFE23,794,342,18,245,4,183,96
CNFE24,679,334,17,213,6,181,67
CNFE25,524,193,20,175,7,93,94
CNFE26,425,171,13,154,3,111,83
CNFE27,406,180,13,159,2,117,79
CNFE28,639,300,17,218,5,173,73
CNFE29,563,235,11,189,2,174,66
CNFE30,719,353,15,244,1,224,51
CNFE31,726,292,17,231,2,187,84
CNFE32,757,267,14,233,1,187,62
CNFE33,510,205,11,178,2,129,58
CNFE34,696,204,14,223,0,58,72
CNFE35,704,283,10,242,3,196,81
CNFE36,562,265,10,189,2,170,58
CNFE37,610,251,12,239,4,126,130
CNFE38,525,238,26,179,2,132,81
CNFE39,619,280,9,196,0,171,41
CNFE40,669,262,21,229,4,91,119
CNFE41,639,295,25,217,6,137,87
CNFE42,502,201,33,204,13,18,146
CNFE43,633,264,26,238,15,64,147
CNFE44,480,148,10,178,1,126,85
CNFE45,598,263,13,185,0,150,45
CNFE46,664,297,15,193,2,176,49
CNFE47,647,267,19,212,3,118,74
CNFE48,554,249,11,210,1,144,94
CNFE49,465,194,12,162,1,46,43
CNFE50,618,177,6,237,1,97,96
CNFE52,128,4,0,42,0,0,38
CNFF01,559,239,19,181,2,152,59
CNFF02,637,228,12,220,0,142,91
CNFF03,708,282,26,222,10,175,91
CNFF04,831,355,11,223,1,224,25
CNFF05,760,340,9,206,3,198,17
CNFF06,630,267,22,232,12,98,115
CNFF07,563,186,34,209,14,80,123
CNFF08,725,266,50,193,16,79,106
CNFF09,709,271,32,215,11,87,108
CNFF10,745,346,12,230,9,160,70
CNFF11,596,250,11,181,3,176,43
CNFF12,523,213,9,172,1,129,53
CNFF13,663,237,10,210,3,163,61
CNFF14,687,250,9,225,0,194,75
CNFF15,567,218,14,180,7,139,64
CNFF16,650,238,12,225,3,154,103
CNFF17,667,274,8,229,0,204,71
CNFF18,448,180,8,178,0,145,64
CNFF19,532,217,7,169,0,168,40
CNFF20,528,165,10,180,3,95,81
CNFF21,742,339,16,244,4,175,66
CNFF22,659,271,7,210,5,191,66
CNFF23,737,336,9,212,2,160,50
CNFF24,630,236,12,201,5,143,77
CNFF25,714,245,13,223,4,169,68
CNFF26,587,243,6,181,4,164,56
CNFF27,633,209,18,206,6,110,102
CNFF28,630,198,31,227,6,73,145
CNFF29,555,206,18,190,3,58,113
CNFF30,726,293,12,211,4,202,39
CNFF31,629,235,10,198,2,158,63
CNFF32,762,316,10,221,4,209,44
CNFF33,746,297,19,244,4,162,83
CNFF34,501,171,7,189,1,108,93
CNFF35,665,241,22,195,6,50,87
CNFF36,637,197,18,210,3,52,115
CNFF37,653,220,35,218,9,61,137
CNFF38,695,330,17,212,5,205,33
CNFF39,569,162,14,187,2,58,102
CNFF40,662,282,12,205,4,196,53
CNFF41,467,153,21,192,5,23,140
CNFF42,668,293,31,191,6,90,82
CNFF43,452,159,20,156,8,22,101
CNFF44,490,152,19,182,5,22,138
CNFF45,614,239,35,224,2,51,143
CNFF46,540,216,38,194,3,36,122
CNFF47,604,173,23,204,7,35,148
CNFF48,557,201,23,197,6,42,117
CNFF49,590,228,24,190,4,56,111
CNFF50,556,223,16,217,5,55,125
CNFF51,545,241,19,201,4,136,83
CNFF52,615,233,22,209,6,103,103
CNFF53,364,7,2,0,0,0,0
CNFG01,239,126,8,120,7,15,66
CNFG02,282,113,4,105,7,52,38
CNFG03,307,131,9,126,7,31,71
CNFG04,350,158,8,107,4,64,29
CNFG05,566,215,13,186,8,136,66
CNFG06,657,258,28,209,8,59,129
CNFG07,554,168,18,200,9,49,143
CNFG08,177,80,9,62,7,15,33
CNFG09,318,121,11,132,7,43,77
CNFG10,248,84,2,68,0,26,26
CNFG11,466,204,23,137,0,50,45
CNFG12,499,201,6,164,1,112,42
CNFG13,424,189,19,191,4,34,103
CNFG14,482,183,7,216,2,118,82
CNFG15,295,136,5,133,1,23,58
CNFG16,504,159,5,156,1,123,30
CNFG17,480,204,8,158,1,113,29
CNFG18,432,137,4,139,0,127,16
CNFG19,730,307,8,226,0,215,10
CNFG20,257,127,8,114,2,53,51
CNFG21,531,212,6,149,0,139,10
CNFG22,391,151,2,159,0,134,32
CNFG23,426,171,7,146,1,94,52
CNFG24,587,193,4,191,1,150,25
CNFG25,485,180,7,178,2,158,37
CNFG26,687,264,5,201,1,134,54
CNFG27,380,145,7,162,0,126,49
CNFG28,489,173,0,135,0,127,10
CNFG29,120,63,1,59,0,2,16
CNFG30,630,248,8,180,4,152,22
CNFG31,496,204,5,189,1,147,32
CNFG32,512,187,15,188,3,93,75
CNFG33,572,245,18,208,14,75,94
CNFG34,462,190,22,185,2,40,124
CNFG35,392,175,31,179,6,3,145
CNFG36,478,191,39,217,7,25,164
CNFG37,378,155,20,151,3,41,78
CNFG38,424,156,23,217,0,8,177
CNFG39,550,208,13,170,2,146,20
CNFG40,448,156,8,165,0,112,44
CNFG41,530,236,16,203,5,116,85
CNFG42,424,152,29,187,8,7,157
CNFG43,551,190,35,217,8,22,176
CNFG44,617,171,31,234,8,30,188
CNFG45,566,229,40,190,12,68,111
CNFG46,221,77,3,90,4,47,46
CNFG47,471,146,33,152,13,44,86
CNFG48,636,162,28,228,3,66,159
CNFG49,460,152,30,230,3,11,186
CNFG50,276,116,7,107,4,70,20
CNFG51,405,186,7,174,3,151,56
CNFG52,640,277,16,182,4,160,24
CNFG53,868,264,28,319,2,121,191
CNFG55,442,151,3,109,0,89,19
CNFG56,96,53,2,30,0,2,8
CNFG57,447,173,19,157,9,62,92
CNFG60,100,62,9,0,0,0,0
CNFG62,124,96,2,0,0,0,0
CNFG64,242,12,0,0,0,0,0
CNFG65,172,127,3,0,0,0,0
CNFG67,361,30,2,0,0,0,0
CNFG71,103,55,11,0,0,0,0
CNFH01,715,329,16,252,3,196,83
CNFH02,537,206,28,236,2,36,161
CNFH03,664,285,25,207,3,178,68
CNFH04,625,205,19,234,4,65,151
CNFH05,727,289,14,234,4,178,85
CNFH06,503,148,25,165,2,39,112
CNFH07,556,203,8,163,0,144,53
CNFH08,634,232,8,221,0,208,58
CNFH09,571,171,13,225,10,55,157
CNFH10,556,208,6,209,0,140,102
CNFH11,581,264,10,221,5,213,87
CNFH12,539,167,35,232,13,29,169
CNFH13,483,133,20,207,8,13,147
CNFH14,540,189,10,157,1,122,52
CNFH15,626,288,10,169,2,154,24
CNFH16,633,271,8,218,1,204,40
CNFH17,564,171,20,191,1,144,79
CNFH18,476,218,17,151,5,118,53
CNFH19,710,228,9,217,1,144,118
CNFH20,628,259,12,198,2,180,67
CNFH21,577,211,6,186,3,138,60
CNFH22,471,221,7,175,0,160,61
CNFH23,445,170,10,161,5,99,90
CNFH24,524,258,19,208,9,161,101
CNFH25,694,278,24,205,7,112,92
CNFH26,612,246,17,200,3,171,65
CNFH27,809,277,10,228,0,203,45
CNFH28,773,350,29,244,4,105,104
CNFH29,442,181,6,161,0,110,71
CNFH30,582,216,18,185,0,136,74
CNFH31,578,228,18,174,2,138,59
CNFH32,737,323,15,219,3,212,45
CNFH33,471,161,14,203,1,121,99
CNFH34,734,269,12,226,8,157,82
CNFH35,467,162,8,158,2,98,85
CNFH36,561,242,13,170,8,134,52
CNFH37,658,301,11,191,5,187,44
CNFH38,443,202,24,157,15,57,92
CNFH39,554,195,20,192,1,164,92
CNFH40,639,256,29,258,21,69,157
CNFH41,443,149,32,123,4,103,52
CNFH42,687,286,24,216,13,153,73
CNFH43,568,231,8,176,3,173,42
CNFH44,563,227,24,174,10,75,85
CNFH45,589,198,39,224,2,112,123
CNFH46,778,287,18,236,13,169,78
CNFH47,650,244,35,196,8,125,98
CNFH48,830,324,21,224,10,181,67
CNFH49,795,337,46,238,21,112,121
CNFH50,671,252,29,212,10,104,118
CNFH51,479,131,27,210,6,8,169
CNFJ01,771,327,25,230,11,206,80
CNFJ02,601,252,11,187,7,168,66
CNFJ03,510,198,14,156,11,124,70
CNFJ04,560,214,11,151,7,144,32
CNFJ05,727,240,25,228,21,97,137
CNFJ06,494,202,21,182,10,94,104
CNFJ07,611,180,15,210,9,72,134
CNFJ08,696,261,25,207,11,146,96
CNFJ09,781,290,26,195,5,156,71
CNFJ10,568,236,23,174,6,136,62
CNFJ11,598,253,23,203,4,140,78
CNFJ12,689,247,19,236,5,118,131
CNFJ13,384,147,12,134,4,54,73
CNFJ14,619,207,28,203,18,89,120
CNFJ15,860,364,25,251,16,172,124
CNFJ16,768,304,18,237,14,155,123
CNFJ17,542,207,15,195,3,109,105
CNFJ18,703,228,27,239,12,103,144
CNFJ19,762,282,26,277,11,114,159
CNFJ20,764,318,15,231,10,194,80
CNFJ21,533,178,16,217,4,110,117
CNFJ22,664,289,7,207,8,147,99
CNFJ23,694,251,23,230,5,131,103
CNFJ24,434,37,6,219,0,2,194
CNFJ25,609,223,23,190,3,118,89
CNFJ26,533,191,13,197,4,160,81
CNFJ27,721,267,35,213,15,114,111
CNFJ28,783,313,32,218,17,108,109
CNFJ29,602,214,14,221,8,79,150
CNFJ30,571,192,18,192,5,58,119
CNFJ31,668,265,30,209,8,131,82
CNFJ32,697,220,23,226,15,77,135
CNFJ33,606,252,9,187,3,168,54
CNFJ34,638,268,11,197,1,190,43
CNFJ35,599,242,12,194,3,146,68
CNFJ36,635,236,32,200,13,79,114
CNFJ37,727,258,29,231,19,108,117
CNFJ38,622,244,20,194,8,130,62
CNFJ39,646,229,27,222,12,82,127
CNFJ40,572,227,25,195,10,84,102
CNFJ41,547,171,13,188,2,131,73
CNFJ42,695,188,23,217,8,86,135
CNFJ43,673,267,20,222,10,99,125
CNFJ44,660,222,31,232,8,82,132
CNFK01,606,221,21,155,20,105,61
CNFK02,557,216,23,173,15,122,78
CNFK03,719,274,26,210,17,143,94
CNFK04,687,279,11,212,8,182,78
CNFK05,743,309,11,229,11,213,75
CNFK06,758,292,18,213,10,175,74
CNFK07,614,261,15,166,8,147,46
CNFK08,773,329,14,228,3,220,47
CNFK09,802,297,8,247,1,184,85
CNFK10,667,247,13,229,1,202,68
CNFK11,806,346,15,247,7,226,57
CNFK12,648,241,7,205,0,192,56
CNFK13,682,250,10,226,1,185,75
CNFK14,781,319,9,237,2,235,40
CNFK15,666,267,5,204,4,186,45
CNFK16,790,316,10,226,2,218,37
CNFK17,719,301,18,215,3,209,36
CNFK18,721,268,14,215,3,207,48
CNFK19,593,236,12,198,6,126,80
CNFK20,721,227,22,245,4,110,129
CNFK21,665,232,23,234,5,96,142
CNFK22,629,225,22,194,9,102,104
CNFK23,621,266,8,189,5,177,47
CNFK24,623,226,9,224,1,145,87
CNFK25,719,287,12,202,0,196,32
CNFK26,739,302,12,216,6,205,41
CNFK27,708,314,13,214,6,192,45
CNFK28,637,235,13,190,2,154,42
CNFK29,816,323,4,238,0,233,34
CNFK30,836,349,11,228,4,215,32
CNFK31,641,220,13,195,4,192,44
CNFK32,638,228,16,218,8,120,100
CNFK33,524,187,14,169,4,149,49
CNFK34,654,234,9,215,2,202,69
CNFK35,738,319,6,219,1,210,34
CNFK36,645,272,14,199,4,192,17
CNFK37,620,243,6,195,3,180,45
CNFK38,667,249,14,199,3,165,53
CNFK39,707,282,10,215,2,206,43
CNFK40,603,226,12,193,3,174,40
CNFK41,697,284,15,219,3,179,53
CNFK42,618,272,8,197,0,190,45
CNFK43,744,326,16,236,0,224,58
CNFK44,669,228,10,234,2,105,96
CNFK45,699,307,7,235,3,229,44
CNFL01,520,188,22,183,9,97,101
CNFL02,649,273,27,174,12,134,71
CNFL03,456,180,12,144,5,86,76
CNFL04,518,202,26,159,8,113,69
CNFL05,495,182,37,152,11,83,83
CNFL07,580,207,22,196,20,112,116
CNFL08,380,127,27,141,14,20,101
CNFL09,492,199,24,201,4,76,116
CNFL10,588,238,25,188,11,155,79
CNFL11,562,224,32,174,12,107,93
CNFL12,437,133,25,183,8,8,148
CNFL13,851,301,36,206,22,170,90
CNFL14,664,280,21,184,20,156,87
CNFL15,556,178,29,158,13,103,91
CNFL16,625,236,24,179,26,135,107
CNFL17,468,168,31,156,9,121,91
CNFL18,494,136,24,163,29,72,117
CNFL19,428,165,22,154,10,77,103
CNFL20,560,216,31,172,22,82,103
CNFL21,325,152,23,126,1,43,89
CNFL22,521,208,47,189,20,48,129
CNFL23,465,183,40,198,7,18,158
CNFL24,692,250,32,186,19,99,104
CNFL25,407,159,14,147,4,76,73
CNFL26,678,243,22,182,19,151,85
CNFL27,574,186,17,163,8,154,39
CNFL28,508,164,15,166,20,119,85
CNFL29,894,358,43,237,12,176,79
CNFL30,507,205,38,168,12,98,106
CNFL31,434,140,38,152,11,52,106
CNFL32,285,109,18,109,7,20,84
CNFL33,551,248,29,147,34,114,54
CNFL34,466,176,28,138,8,79,46
CNFL35,668,258,34,211,11,78,128
CNFL36,455,163,23,156,13,52,102
CNFL37,387,155,26,131,13,37,77
CNFL38,561,184,37,196,10,48,139
CNFL39,462,152,36,122,14,37,84
CNFL40,724,260,32,224,24,92,122
CNFL41,336,100,31,109,17,50,85
CNFL42,407,153,38,144,9,26,106
CNFL43,589,190,28,176,17,63,117
CNFL44,629,226,35,189,21,102,121
CNFL45,717,222,49,201,21,77,125
CNFL46,599,161,25,135,31,95,71
CNFL47,487,144,28,109,25,83,53
CNFL48,440,123,30,119,24,43,90
CNFL49,338,107,22,138,20,45,105
CNFL50,599,187,36,200,15,59,151
CNFL51,314,111,28,83,12,37,56
CNFL52,593,179,44,249,20,19,206
CNFM01,885,238,22,262,4,104,112
CNFM02,672,262,5,216,3,201,36
CNFM03,713,292,1,208,2,200,6
CNFM04,641,248,13,223,0,161,50
CNFM05,542,241,9,222,2,144,89
CNFM06,611,237,8,238,0,135,85
CNFM07,674,248,9,250,3,130,82
CNFM08,600,272,22,213,0,131,65
CNFM09,519,222,10,175,0,156,41
CNFM10,561,257,9,198,4,122,57
CNFM11,578,280,10,218,2,150,82
CNFM12,541,224,8,196,1,131,76
CNFM13,351,159,8,122,1,70,43
CNFM14,505,209,9,228,0,116,92
CNFM15,629,183,3,224,1,135,108
CNFM16,396,146,9,160,4,101,87
CNFM17,422,166,4,170,5,117,55
CNFM18,442,156,6,154,1,102,72
CNFM19,528,222,4,189,2,171,43
CNFM20,787,286,12,233,4,195,64
CNFM21,554,225,7,181,2,175,41
CNFM22,469,192,12,163,3,66,80
CNFM23,543,230,12,214,4,148,82
CNFM24,530,231,14,206,4,133,77
CNFM25,585,184,9,217,0,143,93
CNFM26,625,248,22,237,0,168,93
CNFM27,657,185,9,230,4,120,105
CNFM28,795,262,30,234,9,122,133
CNFM29,636,263,21,222,6,109,88
CNFM30,793,247,25,248,6,133,135
CNFM31,463,98,15,227,0,17,183
CNFM32,405,190,12,174,2,146,44
CNFM33,469,213,3,168,4,114,55
CNFM34,685,268,27,199,6,90,97
CNFM35,712,224,11,250,3,164,116
CNFM36,666,219,19,227,4,147,106
CNFM37,670,253,7,204,0,189,43
CNFM38,601,213,22,219,13,52,125
CNFM39,526,177,23,197,13,36,124
CNFM40,517,177,23,218,7,18,156
CNFM41,661,235,24,238,23,62,148
CNFM42,381,160,8,154,0,48,90
CNFM43,628,300,9,187,3,174,31
CNFM44,580,214,19,200,7,102,107
CNFM45,685,278,13,224,5,144,103
CNFM46,559,189,13,191,5,85,111
CNFM47,626,243,12,197,3,161,67
CNFN01,642,287,45,227,11,54,152
CNFN02,493,222,13,182,6,76,99
CNFN03,541,184,25,208,8,53,139
CNFN04,391,142,18,169,6,24,130
CNFN05,472,152,15,183,9,44,126
CNFN06,620,266,14,205,4,184,62
CNFN07,683,286,24,199,9,110,92
CNFN08,739,328,30,200,7,115,86
CNFN09,466,209,17,177,1,70,103
CNFN10,633,308,11,192,4,188,29
CNFN11,398,148,31,187,1,0,147
CNFN12,569,204,18,207,11,57,125
CNFN13,686,277,36,211,3,119,86
CNFN14,499,177,21,176,5,83,100
CNFN15,590,232,5,185,2,173,60
CNFN16,582,238,10,194,2,156,68
CNFN17,648,258,11,198,4,164,71
CNFN18,530,176,24,205,5,31,141
CNFN19,551,212,13,180,3,132,68
CNFN20,704,308,17,194,3,194,38
CNFN21,713,281,14,195,1,194,20
CNFN22,830,379,21,243,2,233,46
CNFN23,638,261,10,187,1,174,33
CNFN24,620,236,12,186,0,182,42
CNFN25,571,138,14,196,1,142,97
CNFN26,689,272,11,203,5,171,64
CNFN27,696,275,10,190,1,184,47
CNFN28,630,254,11,175,3,170,29
CNFN29,656,258,11,185,5,178,54
CNFN30,709,235,15,221,1,195,80
CNFN31,588,187,15,198,3,129,75
CNFN32,613,174,27,181,5,68,102
CNFN33,653,261,15,194,2,169,63
CNFN34,634,205,10,193,1,184,54
CNFN35,689,278,13,208,4,197,53
CNFN36,505,142,18,182,7,89,103
CNFN37,667,293,21,193,6,153,60
CNFN38,674,284,19,236,9,153,86
CNFN39,607,248,29,201,10,111,95
CNFN40,586,209,16,194,8,78,105
CNFN41,532,189,37,191,14,26,135
CNFN42,737,290,36,220,11,110,108
CNFN43,525,165,27,184,12,59,111
CNFN44,575,171,23,210,10,86,132
CNFN45,487,224,10,161,3,138,67
CNFN46,707,264,24,215,3,162,84
CNFN47,841,360,37,267,6,181,105
CNFN48,653,239,31,212,10,93,110
CNFN49,747,226,26,222,10,60,130
CNFN50,633,244,20,193,6,78,102
CNFN51,389,170,26,167,8,1,140
CNFP01,514,189,18,175,1,112,86
CNFP02,553,201,13,175,1,142,65
CNFP03,537,171,24,188,4,57,111
CNFP04,681,272,14,215,3,204,54
CNFP05,571,208,21,188,3,54,110
CNFP06,553,214,17,191,2,62,102
CNFP07,715,310,19,207,3,205,39
CNFP08,535,176,24,177,4,30,112
CNFP09,542,166,23,185,5,76,102
CNFP10,589,202,30,187,7,41,119
CNFP11,742,296,20,243,2,187,80
CNFP12,473,194,14,153,0,119,56
CNFP13,585,202,32,219,7,55,144
CNFP14,576,221,15,193,3,53,112
CNFP15,584,279,15,189,1,185,60
CNFP16,840,346,47,231,11,124,101
CNFP17,527,154,27,190,13,30,130
CNFP18,631,200,28,209,8,45,141
CNFP19,710,224,41,223,8,48,143
CNFP20,506,175,28,212,1,32,157
CNFP21,618,236,22,198,6,66,124
CNFP22,325,166,25,158,4,0,126
CNFP23,442,201,36,192,4,16,141
CNFP24,513,214,33,206,5,16,152
CNFP25,421,192,26,188,3,9,150
CNFP26,619,227,31,197,6,49,124
CNFP27,337,143,30,163,7,0,129
CNFP28,555,219,29,187,4,51,122
CNFP29,637,269,35,235,6,68,149
CNFP30,610,218,25,206,6,60,128
CNFP31,603,219,24,211,9,61,130
CNFP32,643,258,33,203,8,82,113
CNFP33,391,176,30,187,1,1,141
CNFP34,397,116,26,198,2,0,161
CNFP35,629,173,18,221,3,87,131
CNFP36,652,211,22,226,7,116,113
CNFP37,527,163,11,191,2,102,110
CNFP38,552,140,26,212,5,79,149
CNFP39,676,202,26,231,15,87,157
CNFP40,509,149,16,142,5,89,80
CNFP41,597,215,22,193,1,82,114
CNFP42,728,315,27,200,12,92,106
CNFQ01,419,136,29,172,6,20,126
CNFQ02,656,171,31,193,7,22,103
CNFQ03,388,164,28,157,3,11,105
CNFQ04,730,241,27,226,3,91,120
CNFQ05,536,191,13,175,3,70,90
CNFQ06,629,204,23,227,3,158,113
CNFQ07,527,213,3,160,0,154,26
CNFQ08,588,203,30,212,6,64,131
CNFQ09,649,307,16,200,3,149,45
CNFQ10,724,345,10,213,3,210,27
CNFQ11,798,308,10,213,1,211,11
CNFQ12,643,226,6,203,5,173,77
CNFQ13,505,192,3,169,2,132,66
CNFQ14,493,208,15,193,4,145,77
CNFQ15,647,309,15,219,2,201,61
CNFQ16,598,267,8,190,3,163,43
CNFQ17,599,234,15,199,0,157,64
CNFQ18,494,168,20,194,5,75,98
CNFQ19,532,194,19,183,6,24,132
CNFQ20,494,151,21,204,6,26,151
CNFQ21,809,317,13,245,2,237,24
CNFQ22,915,444,14,254,2,251,22
CNFQ23,632,245,17,235,7,107,124
CNFQ24,711,305,13,216,5,203,50
CNFQ25,655,270,20,180,6,108,73
CNFQ26,551,165,16,189,5,78,111
CNFQ27,534,233,3,172,5,164,43
CNFQ28,580,200,29,184,2,60,84
CNFQ29,560,233,22,179,5,44,98
CNFQ30,577,246,13,174,3,81,58
CNFQ31,614,236,30,205,8,51,118
CNFQ32,659,225,28,203,11,44,101
CNFQ33,682,243,24,210,15,33,120
CNFQ34,742,258,19,255,12,48,141
CNFQ35,695,252,25,218,5,36,109
CNFQ36,530,204,24,164,9,39,91
CNFQ37,769,304,33,255,4,115,118
CNFQ38,429,187,31,192,6,6,134
CNFQ39,655,268,17,233,8,108,100
CNFQ40,593,255,28,227,4,65,136
CNFQ41,562,290,17,219,7,124,95
CNFQ42,549,189,27,194,13,18,151
CNFQ43,399,177,25,186,4,7,141
CNFQ44,681,254,21,242,14,70,126
CNFQ45,283,83,9,96,1,22,63
CNFR01,585,194,20,199,12,90,114
CNFR02,733,259,33,221,14,90,128
CNFR03,546,177,31,184,12,85,115
CNFR04,796,258,41,243,11,110,151
CNFR05,708,261,33,216,14,85,115
CNFR06,597,214,20,186,8,79,112
CNFR07,604,227,17,193,6,89,110
CNFR08,576,216,36,180,10,75,102
CNFR09,609,220,28,188,11,78,106
CNFR10,710,225,34,227,14,77,163
CNFR11,568,198,35,187,14,74,112
CNFR12,537,191,21,170,6,75,98
CNFR13,719,236,35,247,12,99,143
CNFR14,730,255,30,231,10,84,130
CNFR15,676,257,27,213,8,82,127
CNFR16,738,290,29,233,11,120,130
CNFR17,720,233,33,250,8,86,149
CNFR18,624,239,18,204,10,103,111
CNFR19,591,196,29,183,6,56,106
CNFR20,636,239,25,191,14,71,108
CNFR21,574,213,28,175,11,66,98
CNFR22,536,205,19,176,10,89,103
CNFR23,719,258,30,221,16,108,124
CNFR24,681,256,31,209,11,109,122
CNFR25,574,211,30,187,8,72,105
CNFR26,581,208,32,174,10,68,90
CNFR27,645,212,29,245,8,94,154
CNFR28,532,174,24,182,12,54,118
CNFR29,686,242,17,249,3,185,105
CNFR30,943,493,16,275,2,267,12
CNFR31,718,219,14,230,11,90,132
CNFR32,545,173,22,182,7,36,113
CNFR33,616,273,23,192,2,135,53
CNFR34,568,151,21,216,0,57,137
CNFR35,543,129,19,232,0,70,153
CNFR36,629,221,29,210,13,39,115
CNFR37,636,215,22,215,8,63,125
CNFR38,582,208,27,209,10,35,126
CNFR39,512,161,24,173,9,27,107
CNFR40,517,158,17,176,9,21,109
CNFR41,568,190,18,187,2,94,125
CNFR42,718,269,34,229,5,104,124
CNFR43,510,197,13,189,4,95,103
CNFR44,469,151,19,160,2,35,116
CNFR45,414,116,17,205,6,7,147
CNFR46,536,207,23,217,3,41,157
CNFR47,596,226,8,190,1,186,49
CNFR48,538,173,20,173,10,103,100
CNFR49,514,178,18,159,5,88,93
CNFR50,488,181,6,195,1,190,71
CNFR51,670,283,19,209,10,154,100
CNFR52,626,226,5,199,1,195,62
CNFR53,704,282,13,225,0,218,65
CNFS01,581,231,17,176,5,150,67
CNFS02,588,227,11,160,5,130,45
CNFS03,618,266,23,193,9,132,74
CNFS04,632,276,12,195,12,177,75
CNFS05,518,215,19,189,4,163,82
CNFS06,811,302,26,212,8,144,60
CNFS07,471,190,15,158,6,100,86
CNFS08,664,255,35,221,28,160,110
CNFS09,625,243,24,182,21,128,109
CNFS10,785,279,46,205,29,141,112
CNFS11,752,278,53,175,26,118,104
CNFS12,389,160,28,142,7,26,102
CNFS13,514,195,21,215,5,56,153
CNFS14,456,145,23,155,7,37,109
CNFS15,525,132,37,207,4,5,184
CNFS16,359,147,28,154,2,15,114
CNFS18,205,110,5,84,4,15,41
CNFS19,568,232,17,155,10,71,61
CNFS20,561,216,13,150,9,74,67
CNFS21,587,254,22,138,6,102,29
CNFS22,571,221,26,161,11,72,94
CNFS23,533,214,18,161,4,63,87
CNFS24,411,177,17,115,5,38,66
CNFS25,365,150,22,118,9,51,71
CNFS26,548,218,25,183,10,86,117
CNFS27,313,106,12,83,5,32,31
CNFS28,500,194,21,112,5,77,26
CNFS29,322,155,17,114,1,40,49
CNFS30,409,166,16,131,7,46,73
CNFS31,437,181,5,138,2,119,28
CNFS32,444,198,23,129,2,77,52
CNFS33,637,297,18,180,9,144,60
CNFS34,512,207,30,175,10,43,121
CNFS35,456,168,25,162,4,17,131
CNFS36,527,153,19,235,2,44,167
CNFS37,251,65,11,134,2,2,122
CNFS38,442,166,24,164,8,14,134
CNFS39,456,197,39,212,12,6,188
CNFS40,319,127,30,153,4,6,131
CNFS41,404,141,25,209,5,4,182
CNFS42,301,127,15,132,12,11,100
CNFS43,268,120,9,121,1,45,57
CNFS44,206,85,7,93,2,17,62
CNFS45,467,185,21,220,7,14,176
CNFS46,349,140,22,171,3,0,150
CNFS47,502,164,14,211,2,27,162
CNFS48,567,167,34,215,2,56,167
CNFS49,488,161,26,196,6,36,157
CNFS50,443,154,29,214,6,25,175
CNFS51,480,282,34,296,2,9,225
CNFS52,505,207,22,223,3,18,142
CNFS53,490,179,35,149,14,4,116
CNFS54,505,202,33,231,3,27,200
CNFS55,520,212,45,241,3,10,187
CNFS56,423,164,26,211,0,7,159
CNFS57,470,152,33,215,6,2,183
CNFS58,462,135,24,189,9,20,153
CNFS59,365,148,26,173,3,1,142
CNFS60,307,120,24,142,3,5,122
CNFS61,486,201,35,191,13,9,160
CNFS63,403,187,34,178,1,9,154
CNFS64,253,51,38,0,0,0,0
CNFS70,103,6,0,0,0,0,0
CNFT01,568,222,31,185,9,71,103
CNFT02,620,212,21,201,11,72,114
CNFT03,556,208,12,176,15,75,106
CNFT04,690,245,26,238,17,83,148
CNFT05,583,226,28,182,11,82,92
CNFT06,500,229,39,232,3,12,163
CNFT07,512,166,28,194,10,17,134
CNFT08,653,259,23,209,7,119,100
CNFT10,797,130,142,93,7,7,64
CNFT11,533,169,30,186,14,23,126
CNFT12,648,266,12,189,1,160,47
CNFT13,540,214,4,171,5,135,56
CNFT14,669,272,21,198,4,124,76
CNFT15,674,264,11,186,4,132,58
CNFT16,529,246,26,175,1,85,81
CNFT17,921,354,35,293,10,71,158
CNFT18,696,304,31,245,17,86,113
CNFT19,475,204,9,159,0,101,67
CNFT20,392,144,20,155,5,19,104
CNFT21,411,159,15,156,5,38,97
CNFT22,675,298,18,247,5,137,108
CNFT23,576,260,19,213,3,144,88
CNFT24,629,246,11,193,4,150,55
CNFT25,634,274,24,194,10,133,67
CNFT26,628,272,13,199,3,180,67
CNFT27,584,261,13,176,0,164,39
CNFT28,668,271,15,215,5,165,62
CNFT29,540,224,9,184,6,168,58
CNFT30,574,274,7,217,3,182,82
CNFT31,548,252,17,188,4,120,57
CNFT32,706,288,16,228,3,199,57
CNFT33,607,171,19,228,5,90,121
CNFT34,636,195,7,211,3,134,94
CNFT35,656,270,12,232,2,157,92
CNFT36,506,123,12,171,1,112,94
CNFT37,479,154,25,189,6,38,125
CNFT38,722,308,6,234,4,222,57
CNFT39,606,270,11,189,9,153,66
CNFT40,678,305,12,241,7,206,93
CNFT41,597,218,9,204,9,129,97
CNFT42,676,297,7,206,3,185,56
CNFT43,614,238,17,194,2,169,57
CNFT44,578,248,6,202,1,180,62
CNFT45,725,311,11,212,3,187,36
CNFT46,673,199,14,244,8,81,131
CNFT47,751,287,29,235,5,93,103
CNFU01,599,186,24,165,22,109,77
CNFU02,497,184,23,114,12,79,52
CNFU03,635,227,33,150,36,101,68
CNFU04,398,125,12,98,15,57,48
CNFU05,490,172,19,137,13,57,74
CNFU06,452,160,32,121,12,47,87
CNFU07,428,163,34,123,12,56,78
CNFU08,627,300,10,201,6,146,29
CNFU09,660,267,10,177,5,151,18
CNFU10,429,184,12,158,1,99,57
CNFU11,463,184,15,152,6,44,81
CNFU12,316,96,18,105,3,24,67
CNFU13,331,111,9,117,9,39,65
CNFU14,638,239,28,279,6,55,191
CNFU15,449,162,4,168,0,92,29
CNFU16,532,204,7,168,4,128,35
CNFU17,678,249,15,228,8,157,81
CNFU18,439,130,12,185,6,88,91
CNFU19,606,259,16,210,2,152,92
CNFU20,491,160,24,153,8,56,89
CNFU21,517,217,21,171,0,132,37
CNFU22,513,170,14,220,2,73,127
CNFU23,582,271,13,206,4,158,55
CNFU24,643,288,17,196,4,154,72
CNFU25,605,217,29,210,6,135,101
CNFU26,604,239,7,219,8,191,90
CNFU27,531,233,16,192,2,146,89
CNFU28,434,167,14,164,4,86,92
CNFU29,545,250,23,198,2,140,91
CNFU30,605,212,23,237,4,102,122
CNFU31,373,174,16,144,4,71,41
CNFU32,489,198,4,155,1,136,28
CNFU33,702,270,10,183,1,151,36
CNFU34,570,229,10,239,6,168,91
CNFU35,420,126,12,114,2,68,35
CNFU36,792,292,21,230,5,199,39
CNFU37,676,234,11,211,2,174,53
CNFU38,620,173,22,215,8,112,114
CNFU39,332,162,9,117,4,52,37
CNFU40,538,255,14,197,8,123,65
CNFU41,664,294,12,208,6,179,28
CNFU42,675,271,11,232,1,178,68
CNFU43,523,223,16,179,5,105,89
CNFU44,703,278,24,216,5,191,81
CNFU45,601,263,29,176,10,121,78
CNFU46,536,228,8,190,5,158,76
CNFU47,754,291,16,227,1,173,93
CNFU48,596,226,18,217,3,156,90
CNFU49,728,294,11,211,2,201,42
CNFU52,69,12,4,0,0,0,0
CNFW01,514,167,31,198,10,34,142
CNFW02,503,183,28,187,14,43,128
CNFW03,601,191,28,199,15,50,143
CNFW04,439,144,21,180,8,33,136
CNFW05,629,211,41,216,9,38,149
CNFW06,534,185,20,178,11,39,120
CNFW07,589,201,47,235,13,27,191
CNFW08,160,63,14,56,2,7,38
CNFW09,316,144,20,140,1,3,113
CNFW10,559,247,27,177,5,56,123
CNFW11,400,169,30,179,2,8,149
CNFW12,327,116,24,148,6,3,136
CNFW13,356,153,31,178,2,7,156
CNFW14,267,104,12,122,9,5,91
CNFW15,265,104,19,126,3,0,113
CNFW16,469,200,26,174,7,32,119
CNFW17,198,70,22,87,1,3,76
CNFW18,98,42,5,42,0,1,27
CNFW19,284,68,16,104,1,5,94
CNFW20,352,145,40,170,3,8,139
CNFW21,566,179,43,202,15,37,159
CNFW22,408,143,19,178,6,11,148
CNFW23,431,125,29,124,20,52,85
CNFW24,421,130,20,114,28,44,70
CNFW25,897,262,44,224,53,135,126
CNFW26,801,234,45,173,41,149,74
CNFW27,874,236,61,171,47,155,104
CNFW28,576,146,29,137,39,109,85
CNFW29,599,190,36,150,40,102,95
CNFW30,554,175,25,149,32,115,80
CNFW31,514,184,21,148,24,114,80
CNFW32,657,220,38,180,36,140,86
CNFW33,747,267,27,233,20,135,132
CNFW34,489,149,20,147,39,74,93
CNFW35,316,121,24,116,11,48,85
CNFW36,583,189,35,159,39,90,99
CNFW37,653,214,38,214,26,71,129
CNFW38,498,187,21,159,18,115,73
CNFW39,165,70,8,51,3,9,33
CNFW40,605,254,26,221,8,79,142
CNFW41,513,171,30,213,10,12,175
CNFW42,593,215,25,185,20,128,109
CNFW43,726,224,34,213,37,122,124
CNFW44,640,247,34,211,12,112,112
CNFW45,602,215,24,199,17,128,111
CNFW46,600,230,32,191,6,103,104
CNFW47,573,226,33,182,15,111,106
CNFW48,514,174,21,184,9,119,107
CNFW49,191,15,1,0,0,0,0
CNFW50,160,122,0,0,0,0,0
CNFX01,755,314,14,248,3,240,52
CNFX02,660,265,18,205,1,176,56
CNFX03,677,278,9,226,5,206,68
CNFX04,783,350,11,233,2,213,53
CNFX05,730,312,9,222,3,211,56
CNFX06,747,320,11,220,0,180,42
CNFX07,751,334,11,238,1,231,68
CNFX08,569,196,13,202,3,137,99
CNFX09,586,222,3,174,0,155,26
CNFX10,652,241,10,187,0,179,31
CNFX11,582,198,17,174,6,100,92
CNFX12,595,228,14,199,0,160,71
CNFX13,470,152,7,159,1,112,58
CNFX14,638,268,15,166,1,152,26
CNFX15,800,370,10,224,1,214,31
CNFX16,595,223,3,178,4,165,58
CNFX17,724,317,8,223,0,220,45
CNFX18,682,289,14,215,3,146,83
CNFX19,583,271,4,177,2,169,32
CNFX20,677,259,10,219,3,163,59
CNFX21,605,158,16,211,3,85,111
CNFX22,479,177,19,203,3,41,123
CNFX23,558,242,14,189,5,131,82
CNFX24,600,290,10,198,2,149,50
CNFX25,579,319,8,239,2,229,44
CNFX26,645,313,20,210,7,158,49
CNFX27,539,299,6,195,0,194,15
CNFX28,617,214,18,212,0,133,105
CNFX29,666,234,17,201,1,174,64
CNFX30,534,221,13,189,2,147,67
CNFX31,521,164,26,194,3,61,103
CNFX32,685,222,21,233,4,118,112
CNFX33,630,211,30,225,3,71,137
CNFX34,429,171,32,191,4,9,140
CNFX35,697,277,24,240,6,99,138
CNFX36,440,173,30,194,2,8,148
CNFX37,530,176,17,185,2,75,97
CNFX38,437,137,21,207,3,18,156
CNFX39,507,127,21,186,4,82,114
CNFX40,636,154,22,215,1,95,131
CNFX41,646,299,12,209,3,177,56
CNFX42,640,293,19,206,10,140,88
CNFX43,637,196,16,220,6,64,146
CNFX44,580,172,10,196,2,81,126
CNFX45,734,352,15,238,4,233,49
CNFX46,758,313,14,216,6,174,65
CNFX47,596,235,10,209,3,168,72
CNFX48,826,441,11,227,5,224,25
CNFX49,630,266,19,214,1,135,76
CNFY01,516,167,20,191,5,96,114
CNFY02,637,216,20,201,9,127,101
CNFY03,659,231,25,220,9,114,125
CNFY04,548,177,20,190,7,69,113
CNFY05,529,184,21,178,8,70,108
CNFY06,549,184,21,185,2,81,119
CNFY07,573,244,13,164,1,154,34
CNFY08,557,185,17,203,7,113,114
CNFY09,629,207,26,216,8,92,129
CNFY10,587,272,15,178,6,158,55
CNFY11,747,246,19,253,2,141,131
CNFY12,651,233,21,200,4,149,90
CNFY13,668,274,13,211,4,199,68
CNFY14,654,303,4,216,2,209,57
CNFY15,739,267,15,211,2,206,53
CNFY16,591,205,13,181,1,167,61
CNFY17,675,195,18,226,5,135,121
CNFY18,584,261,13,187,10,166,44
CNFY19,721,257,23,235,3,144,111
CNFY20,629,158,17,208,5,87,109
CNFY21,726,259,11,213,4,207,44
CNFY22,594,252,16,197,2,178,56
CNFY23,668,291,6,207,8,192,66
CNFY24,530,209,11,178,1,134,67
CNFY25,675,279,24,223,2,167,78
CNFY26,608,255,26,186,4,181,60
CNFY27,649,256,10,196,4,188,64
CNFY28,625,279,17,205,7,188,61
CNFY29,702,275,16,212,13,182,74
CNFY30,592,246,8,184,2,161,67
CNFY31,620,290,16,196,1,187,65
CNFY32,576,227,13,193,10,186,63
CNFY33,691,297,8,227,4,220,76
CNFY34,769,361,16,220,6,211,47
CNFY35,737,322,12,207,7,202,31
CNFY36,724,314,19,225,7,218,64
CNFY37,508,212,15,164,1,145,65
CNFY38,661,258,7,203,2,197,65
CNFY39,622,228,18,203,8,164,84
CNFY40,767,324,21,232,5,203,57
CNFY41,669,264,16,197,4,192,55
CNFY42,723,256,13,237,11,230,80
CNFY43,575,206,7,180,1,173,62
CNFY44,626,258,11,196,2,174,55
CNFZ01,622,254,4,188,5,159,51
CNFZ02,730,318,12,200,4,196,29
CNFZ03,683,287,12,219,4,211,67
CNFZ04,574,197,5,205,1,126,107
CNFZ05,492,106,7,172,3,101,95
CNFZ06,642,249,13,195,5,182,52
CNFZ07,561,247,12,179,5,153,61
CNFZ08,653,281,7,185,6,174,43
CNFZ09,577,262,7,172,3,159,43
CNFZ10,740,306,15,230,2,197,58
CNFZ11,685,286,16,195,1,186,43
CNFZ12,640,268,15,200,1,186,58
CNFZ13,654,298,11,199,4,195,41
CNFZ14,674,306,11,196,9,188,42
CNFZ15,627,251,11,206,3,190,82
CNFZ16,545,232,8,187,2,181,64
CNFZ17,744,307,12,228,2,209,75
CNFZ18,658,306,16,200,6,185,49
CNFZ19,667,264,14,207,4,172,75
CNFZ20,685,279,17,206,5,186,57
CNFZ22,564,231,13,192,5,172,77
CNFZ23,585,234,12,197,5,180,62
CNFZ24,576,220,11,206,4,197,90
CNFZ25,539,233,9,185,3,170,74
CNFZ26,520,172,19,175,4,78,107
CNFZ27,768,327,9,251,2,189,86
CNFZ28,541,247,11,182,4,169,54
CNFZ29,573,251,14,195,0,164,74
CNFZ30,547,206,13,179,3,130,71
CNFZ31,543,230,14,169,5,163,64
CNFZ32,602,246,6,179,4,171,45
CNFZ33,489,179,6,175,2,164,68
CNFZ34,507,238,9,177,1,164,63
CNFZ35,555,236,7,194,2,178,72
CNFZ36,645,234,19,226,4,122,116
CNFZ37,782,317,11,242,4,232,65
CNFZ38,593,264,12,196,4,182,63
CNFZ39,579,226,15,184,5,176,56
CNFZ40,533,231,3,189,8,177,72
CNFZ41,612,250,13,181,2,174,51
CNFZ42,498,143,15,156,2,124,56
CNFZ43,530,224,9,168,6,163,48
CNFZ44,618,228,5,188,3,179,55
CNFZ45,550,207,10,174,7,167,55
CNFZ46,693,278,19,204,13,194,62
CNFZ47,567,230,12,200,2,143,90
CNFZ48,148,68,4,61,0,53,21
CNGA01,734,321,10,218,3,208,23
CNGA02,510,201,11,202,1,193,46
CNGA03,672,250,6,220,0,215,17
CNGA04,571,214,7,184,7,117,72
CNGA05,601,222,6,188,3,170,57
CNGA06,640,263,11,199,7,180,44
CNGA07,661,292,6,220,2,214,47
CNGA08,582,199,14,214,1,129,103
CNGA09,743,305,2,192,0,187,11
CNGA10,613,246,10,201,1,175,50
CNGA11,726,266,12,215,0,209,45
CNGA12,522,218,8,171,2,166,45
CNGA13,638,243,7,202,0,198,42
CNGA14,459,126,7,168,2,107,92
CNGA15,778,315,17,220,1,218,48
CNGA16,551,224,9,176,1,148,50
CNGA17,598,181,13,192,5,107,100
CNGA18,645,285,5,200,1,195,59
CNGA19,648,207,18,197,2,120,80
CNGA20,610,221,22,181,11,97,86
CNGA21,665,230,29,197,7,114,109
CNGA22,469,196,10,161,1,135,53
CNGA23,488,210,13,173,3,141,46
CNGA24,454,175,32,149,1,113,48
CNGA25,573,268,8,171,4,167,30
CNGA26,542,201,13,169,1,106,63
CNGA27,577,196,13,201,4,106,110
CNGA28,657,283,6,209,5,198,50
CNGA29,681,277,12,205,5,200,42
CNGA30,486,138,21,171,5,65,108
CNGA31,654,239,14,196,4,121,89
CNGA32,666,226,22,205,4,106,110
CNGA33,461,172,12,163,5,74,93
CNGA34,719,290,15,226,6,183,88
CNGA35,497,161,11,167,7,61,92
CNGA36,548,183,9,191,8,69,124
CNGA37,712,259,30,242,6,76,142
CNGA38,670,247,24,229,12,60,130
CNGA39,680,270,23,240,15,64,141
CNGA40,708,294,30,224,7,84,107
CNGA41,699,287,33,235,8,73,129
CNGA42,675,262,17,206,7,151,80
CNGB01,877,356,20,219,13,213,25
CNGB02,805,337,19,221,13,212,27
CNGB03,700,310,17,217,8,213,56
CNGB04,887,373,14,250,1,241,36
CNGB05,693,291,6,191,7,188,26
CNGB06,757,295,8,220,8,210,36
CNGB07,817,344,23,212,13,205,15
CNGB08,711,302,8,186,6,179,14
CNGB09,629,208,18,181,10,99,62
CNGB10,725,287,16,214,5,175,50
CNGB11,908,344,21,219,10,214,28
CNGB12,697,262,16,206,5,196,45
CNGB13,618,197,28,195,10,107,94
CNGB14,621,239,12,170,8,169,29
CNGB15,514,205,18,173,4,101,69
CNGB16,696,263,22,221,6,204,43
CNGB17,468,199,20,161,2,124,40
CNGB18,556,213,20,205,3,156,73
CNGB19,863,321,22,245,17,200,85
CNGB20,1028,416,33,236,20,229,51
CNGB21,139,54,5,39,3,31,18
CNGB22,541,210,10,198,3,166,84
CNGB23,404,166,5,212,8,4,95
CNGB24,444,139,16,168,7,19,95
CNGB25,617,239,12,222,6,177,97
CNGB26,757,307,28,213,19,125,94
CNGB27,569,227,36,200,8,102,74
CNGB28,651,287,32,231,12,174,87
CNGB29,569,218,32,192,8,128,99
CNGB30,568,222,21,201,4,149,104
CNGB31,586,243,35,207,15,158,109
CNGB32,768,299,51,223,20,155,101
CNGB33,596,230,23,170,8,99,66
CNGB34,640,242,27,190,8,118,78
CNGB35,669,279,38,209,20,137,115
CNGB36,606,233,38,176,14,136,84
CNGB37,796,322,36,191,23,160,73
CNGB38,685,263,26,185,10,141,80
CNGB39,521,191,37,150,22,102,87
CNGB40,597,240,25,206,9,77,112
CNGB41,687,266,32,182,6,127,92
CNGB42,563,231,24,169,10,126,81
CNGB43,705,271,47,204,28,82,129
CNGB44,517,201,37,170,24,92,115
CNGB45,619,252,28,169,17,133,85
CNGB46,497,189,24,148,19,91,85
CNGB47,657,237,55,166,24,102,102
CNGB48,677,247,50,162,27,72,108
CNGB50,307,97,2,110,13,36,52
CNGC01,688,239,21,230,4,91,128
CNGC02,547,203,19,180,5,101,74
CNGC03,578,231,7,180,8,132,82
CNGC04,584,243,12,188,3,182,61
CNGC05,559,245,12,179,3,168,53
CNGC06,697,319,4,193,2,174,32
CNGC07,322,138,12,105,11,60,46
CNGC08,399,166,14,132,10,44,65
CNGC09,337,92,12,117,6,35,79
CNGC10,388,136,4,130,1,77,54
CNGC11,686,269,14,209,2,171,54
CNGC12,692,295,10,230,0,216,60
CNGC13,612,220,21,205,2,121,93
CNGC14,555,182,11,149,2,110,56
CNGC15,566,221,9,187,2,128,74
CNGC16,443,199,9,157,5,96,72
CNGC17,401,134,13,141,12,95,71
CNGC18,441,121,13,136,10,66,86
CNGC19,389,131,8,141,5,79,75
CNGC20,555,193,10,186,2,141,78
CNGC21,856,269,31,195,2,146,33
CNGC22,525,224,10,175,4,133,55
CNGC23,636,292,22,196,7,171,49
CNGC24,596,244,21,200,6,91,107
CNGC25,417,152,11,143,4,102,60
CNGC26,580,191,12,190,3,130,79
CNGC27,482,159,11,147,4,104,70
CNGC28,567,228,5,172,0,164,19
CNGC29,475,209,23,175,4,146,62
CNGC30,575,236,27,224,6,88,124
CNGC31,603,200,15,197,0,120,69
CNGC32,464,165,7,121,0,79,43
CNGC33,343,138,15,128,0,63,51
CNGC34,635,257,23,205,1,173,58
CNGC35,619,230,11,184,3,148,50
CNGC36,509,187,11,163,4,130,67
CNGC37,628,225,8,184,1,169,37
CNGC38,661,225,7,208,1,128,46
CNGC39,677,252,6,252,2,90,80
CNGC40,774,296,14,241,4,98,67
CNGC41,415,227,1,177,3,173,38
CNGC42,578,227,9,211,2,151,96
CNGC43,566,205,9,188,3,174,75
CNGC44,708,299,16,226,5,214,77
CNGC45,604,182,15,219,6,193,104
CNGC46,504,177,15,154,8,82,68
CNGC47,543,211,10,175,2,149,58
CNGC48,507,223,13,178,6,129,62
CNGC49,548,208,8,192,3,114,55
CNGC50,85,15,0,0,0,0,0
CNGC51,74,57,0,0,0,0,0
CNGD01,633,161,21,213,5,126,103
CNGD02,505,120,16,195,4,88,111
CNGD03,611,208,16,193,6,112,92
CNGD04,608,150,18,205,5,118,112
CNGD05,450,121,19,161,5,82,81
CNGD06,616,145,17,208,4,108,112
CNGD07,438,136,20,187,0,37,126
CNGD08,658,150,24,245,7,66,161
CNGD09,504,116,20,193,0,84,127
CNGD10,569,136,26,217,8,72,130
CNGD11,680,181,27,215,6,122,112
CNGD12,683,152,19,219,2,86,115
CNGD13,410,129,9,172,3,33,109
CNGD14,501,169,23,211,7,35,141
CNGD15,658,160,24,235,5,77,151
CNGD16,745,256,18,251,8,122,127
CNGD17,490,162,18,182,4,54,115
CNGD18,463,137,11,166,6,65,110
CNGD19,600,191,13,208,5,125,104
CNGD20,611,179,18,202,8,104,116
CNGD21,610,112,10,198,2,114,102
CNGD22,628,209,24,214,8,81,124
CNGD23,585,216,18,234,8,70,140
CNGD24,656,253,25,212,9,43,133
CNGD25,761,259,29,238,8,119,104
CNGD26,707,220,28,245,5,73,145
CNGD27,688,264,29,209,8,60,120
CNGD28,643,245,28,210,8,120,102
CNGD29,671,231,34,218,13,92,123
CNGD30,506,178,18,170,6,49,92
CNGD31,786,301,26,248,8,149,98
CNGD32,671,262,22,210,8,124,91
CNGD33,650,238,24,226,9,79,136
CNGD34,607,209,15,207,11,78,116
CNGD35,756,267,44,231,12,80,133
CNGD36,626,182,20,235,8,96,151
CNGD37,605,205,11,217,5,87,142
CNGD38,603,213,21,209,13,90,110
CNGD39,724,195,16,231,3,143,101
CNGD40,607,247,21,202,11,105,99
CNGD41,572,184,30,221,5,52,155
CNGD42,568,136,13,206,1,78,116
CNGD43,685,234,24,237,3,102,133
CNGD44,633,243,27,200,2,101,98
CNGD45,510,117,19,195,0,44,145
CNGD46,656,222,19,224,3,124,110
CNGD47,857,417,20,238,5,223,37
CNGD48,746,359,13,238,7,200,64
CNGE01,811,327,16,239,6,232,60
CNGE02,658,247,15,205,2,195,60
CNGE03,698,264,9,209,4,196,56
CNGE04,699,259,8,233,3,175,90
CNGE05,761,288,21,228,5,177,75
CNGE06,730,222,14,223,6,144,91
CNGE07,526,160,12,181,2,168,72
CNGE08,638,237,22,201,6,105,96
CNGE09,627,191,29,227,4,66,154
CNGE10,627,134,21,203,3,70,136
CNGE11,525,135,25,210,4,51,142
CNGE12,601,154,17,225,6,75,136
CNGE13,598,169,21,200,7,48,120
CNGE14,515,109,14,171,1,63,83
CNGE15,568,153,18,194,4,98,97
CNGE16,680,257,11,210,3,162,64
CNGE17,561,198,23,187,9,83,87
CNGE18,581,179,22,194,6,63,116
CNGE19,671,249,6,205,7,175,68
CNGE20,611,250,7,179,0,170,49
CNGE21,562,156,18,220,11,53,146
CNGE22,504,174,15,184,7,88,103
CNGE23,671,278,7,202,2,197,61
CNGE24,592,202,8,193,5,184,74
CNGE25,570,234,14,180,0,172,54
CNGE26,777,257,14,226,4,133,88
CNGE27,770,231,20,262,6,159,134
CNGE28,708,242,15,229,6,164,82
CNGE29,828,316,16,244,3,228,55
CNGE30,650,254,9,197,5,185,54
CNGE31,549,174,17,210,0,86,113
CNGE32,719,284,13,214,0,187,54
CNGE33,669,251,12,210,7,175,74
CNGE34,657,192,18,203,2,135,80
CNGE35,506,202,6,180,7,150,62
CNGE36,706,335,13,208,2,201,37
CNGE37,625,248,16,182,2,152,68
CNGE38,642,259,9,212,6,173,66
CNGE39,598,277,7,173,0,164,38
CNGE40,688,305,7,209,7,204,62
CNGE41,658,272,14,188,1,185,34
CNGE42,608,262,5,207,1,182,59
CNGF01,804,282,54,231,25,109,132
CNGF02,389,121,23,154,11,22,109
CNGF03,615,204,44,225,25,49,164
CNGF04,578,192,40,176,37,88,120
CNGF05,624,192,36,188,38,76,133
CNGF06,600,196,24,204,36,86,129
CNGF07,514,187,24,168,18,100,108
CNGF08,553,227,19,171,11,140,83
CNGF09,559,240,21,187,12,139,102
CNGF10,576,211,21,188,16,101,104
CNGF11,789,289,24,215,22,180,61
CNGF12,732,243,42,209,14,138,101
CNGF13,464,118,28,207,9,18,165
CNGF14,509,160,14,175,9,83,96
CNGF15,692,227,31,183,36,73,114
CNGF16,418,155,25,108,23,68,57
CNGF17,536,107,22,127,23,110,87
CNGF18,581,180,27,153,31,97,94
CNGF19,569,177,20,142,28,111,84
CNGF20,531,194,20,149,24,102,78
CNGF21,619,210,21,209,8,123,96
CNGF22,585,198,24,150,25,125,73
CNGF23,494,161,27,137,22,96,80
CNGF24,612,195,29,137,20,110,65
CNGF25,710,251,41,201,31,152,113
CNGF26,696,243,36,191,29,144,102
CNGF27,770,277,40,233,37,130,134
CNGF28,773,288,38,244,31,111,142
CNGF29,688,227,26,206,18,88,130
CNGF30,615,192,38,177,11,83,113
CNGF31,513,164,30,130,29,72,72
CNGF32,702,227,39,158,23,134,80
CNGF33,646,212,39,144,35,130,70
CNGF34,881,269,37,170,26,138,79
CNGF35,865,262,45,209,22,125,111
CNGF36,876,263,50,170,44,142,68
CNGF37,847,284,26,221,39,183,113
CNGF38,729,258,27,211,24,167,122
CNGF39,818,280,33,221,38,190,110
CNGF40,687,235,32,212,23,103,131
CNGF41,573,227,24,165,21,114,68
CNGF42,381,109,33,86,18,46,56
CNGF43,826,280,52,205,39,123,120
CNGF44,525,191,35,159,21,106,106
CNGF45,426,132,24,135,19,88,81
CNGF46,548,185,38,155,18,95,97
CNGF48,782,279,42,220,23,143,106
CNGF49,526,191,19,175,22,96,106
CNGF50,537,193,10,209,12,89,130
CNGF51,777,282,36,230,22,166,127
CNGF52,630,272,11,223,7,178,102
CNGF53,502,218,9,179,7,149,80
CNGF54,159,118,3,0,0,0,0
CNGF55,278,115,2,42,2,1,10
CNGG01,439,157,27,119,18,72,74
CNGG02,448,168,39,126,15,64,71
CNGG03,877,329,70,210,37,136,124
CNGG04,662,244,44,195,26,112,123
CNGG05,370,150,16,122,12,75,79
CNGG06,474,208,23,124,15,100,71
CNGG07,590,237,38,126,5,104,69
CNGG08,774,266,60,164,23,115,93
CNGG09,322,125,20,107,9,42,56
CNGG10,644,257,51,167,17,109,88
CNGG11,538,182,32,171,13,66,114
CNGG12,369,155,25,124,13,81,78
CNGG13,438,173,18,145,16,81,100
CNGG14,429,176,33,144,10,82,97
CNGG15,465,163,28,114,16,92,62
CNGG16,463,181,27,111,25,82,66
CNGG17,525,150,17,179,16,43,132
CNGG18,395,156,15,132,13,90,78
CNGG19,430,163,29,157,19,88,112
CNGG20,777,287,37,249,38,123,150
CNGG21,661,262,41,189,24,122,108
CNGG22,779,293,29,232,32,176,141
CNGG23,707,264,34,196,26,139,109
CNGG24,811,286,49,214,28,108,130
CNGG25,437,153,28,126,10,67,89
CNGG26,508,194,19,146,16,121,69
CNGG27,424,149,16,125,15,95,73
CNGG28,554,203,14,156,17,126,72
CNGG29,519,193,25,170,17,99,95
CNGG30,649,257,21,237,19,108,149
CNGG31,488,190,26,115,25,83,57
CNGG32,581,224,44,211,17,82,141
CNGG33,558,228,51,161,11,24,108
CNGG34,558,216,30,202,14,123,112
CNGG35,426,172,24,166,5,75,100
CNGG36,365,117,14,117,2,61,72
CNGG37,523,207,28,165,15,96,93
CNGG38,463,184,23,163,19,109,94
CNGG39,580,208,28,180,10,110,102
CNGG40,347,148,19,137,10,40,77
CNGG41,490,233,31,182,15,62,113
CNGG42,567,260,35,189,4,84,90
CNGG44,414,213,11,152,3,100,78
CNGG45,645,280,44,227,14,45,157
CNGG46,239,127,6,95,14,76,30
CNGG47,612,278,30,222,16,108,112
CNGG48,475,196,40,188,11,74,124
CNGG49,588,216,47,214,31,57,155
CNGG50,696,268,57,252,19,53,186
CNGG51,699,279,37,249,6,84,152
CNGG52,648,245,24,201,11,61,139
CNGG53,634,276,34,252,10,73,191
CNGG54,697,260,46,153,13,81,96
CNGG55,713,48,4,0,0,0,0
CNGG56,322,34,80,0,0,0,0
CNGG57,299,179,0,0,0,0,0
CNGH01,231,95,21,96,4,16,66
CNGH02,574,200,40,191,14,26,149
CNGH03,453,143,37,136,17,27,103
CNGH04,813,300,39,227,38,71,157
CNGH05,429,163,47,162,1,25,129
CNGH06,618,270,49,214,8,47,157
CNGH07,586,243,42,215,11,68,123
CNGH08,663,221,40,213,13,42,161
CNGH09,478,162,33,197,5,19,168
CNGH10,362,160,34,174,1,7,137
CNGH11,435,157,27,165,10,26,123
CNGH12,456,167,26,150,30,35,106
CNGH13,448,151,29,142,14,49,94
CNGH14,436,150,17,155,16,73,97
CNGH15,607,161,28,182,20,86,128
CNGH16,622,227,31,197,30,114,112
CNGH17,583,193,25,145,37,78,93
CNGH18,660,236,47,239,13,42,187
CNGH19,442,174,17,150,15,84,88
CNGH20,561,218,25,210,17,84,132
CNGH21,740,243,37,230,19,49,164
CNGH22,563,208,31,194,23,39,153
CNGH23,236,91,11,67,15,31,44
CNGH24,741,231,38,197,39,107,119
CNGH25,789,277,57,231,24,79,149
CNGH26,596,164,35,158,32,29,110
CNGH27,394,164,19,126,14,49,75
CNGH28,629,215,35,165,34,46,101
CNGH29,399,123,35,111,11,12,86
CNGH30,491,156,37,164,21,20,119
CNGH31,694,212,55,189,35,79,124
CNGH32,331,96,24,107,17,44,85
CNGH33,371,93,16,100,26,45,73
CNGH34,399,131,34,113,21,54,74
CNGH35,585,173,23,164,42,93,111
CNGH36,545,159,35,157,34,85,94
CNGH37,594,178,42,150,38,71,105
CNGH38,494,170,25,138,35,93,91
CNGH39,571,161,35,147,36,74,102
CNGH40,596,170,32,156,33,87,99
CNGH41,764,244,47,218,59,110,152
CNGH42,585,193,42,176,46,84,114
CNGH43,507,181,33,155,25,95,97
CNGH44,438,157,34,140,16,49,104
CNGH45,624,188,28,156,36,93,92
CNGH46,550,158,32,182,16,26,130
CNGH47,432,143,25,142,23,58,93
CNGH48,434,164,13,132,11,55,81
CNGH49,539,176,24,183,26,44,132
CNGH50,242,93,16,87,6,27,65
CNGH51,260,100,14,76,12,31,35
CNGH54,378,155,21,157,2,67,103
CNGH55,170,68,11,0,0,0,0
CNGJ01,490,160,27,161,18,55,106
CNGJ02,419,134,19,132,27,36,99
CNGJ03,762,244,32,172,37,111,101
CNGJ04,362,112,20,94,16,53,56
CNGJ05,580,178,27,168,21,105,110
CNGJ06,502,143,24,118,28,84,65
CNGJ07,508,178,33,109,33,89,47
CNGJ08,480,160,24,105,16,76,61
CNGJ09,334,129,15,100,9,67,50
CNGJ10,395,156,19,132,15,72,62
CNGJ11,409,140,18,124,14,71,72
CNGJ12,513,159,24,114,26,74,73
CNGJ13,535,157,28,143,19,96,89
CNGJ14,470,155,21,128,14,86,76
CNGJ15,259,75,18,88,16,39,57
CNGJ16,537,175,27,119,19,92,59
CNGJ17,681,222,27,160,32,113,82
CNGJ18,420,143,24,129,13,79,70
CNGJ19,684,207,30,189,25,128,107
CNGJ20,489,177,32,131,29,73,79
CNGJ21,334,140,20,115,6,57,63
CNGJ22,471,160,39,146,13,37,97
CNGJ23,285,118,21,117,6,10,73
CNGJ24,318,136,27,118,5,25,78
CNGJ25,455,172,33,133,26,65,69
CNGJ26,342,128,28,82,12,42,42
CNGJ27,302,108,23,119,7,24,76
CNGJ28,440,186,22,150,15,58,79
CNGJ29,424,198,22,158,5,50,72
CNGJ30,410,147,12,105,10,63,44
CNGJ31,617,210,31,138,17,104,72
CNGJ32,738,261,43,169,29,144,68
CNGJ33,789,322,50,195,28,142,73
CNGJ34,471,161,21,116,21,85,61
CNGJ35,493,190,24,129,13,100,54
CNGJ36,631,234,28,207,17,151,112
CNGJ37,658,276,24,215,13,183,99
CNGJ38,608,232,25,180,20,117,69
CNGJ39,613,246,19,217,6,132,81
CNGJ40,491,213,26,155,3,68,48
CNGJ41,95,37,6,39,2,6,22
CNGJ42,229,104,17,105,2,18,68
CNGJ43,446,170,20,206,1,75,126
CNGJ44,425,179,17,160,5,67,88
CNGJ45,340,138,18,126,9,39,66
CNGJ46,449,143,23,122,10,64,60
CNGJ47,374,149,13,123,0,65,48
CNGJ48,413,195,15,164,3,93,73
CNGJ49,358,168,7,202,1,159,75
CNGJ50,627,242,15,187,11,164,85
CNGJ51,621,243,30,162,18,122,66
CNGJ52,637,249,12,163,39,127,84
CNGJ53,699,253,16,207,19,157,107
CNGJ54,632,258,22,217,6,182,112
CNGJ55,587,236,11,155,6,117,35
CNGJ56,447,180,17,145,5,66,55
CNGJ57,527,213,16,164,20,99,73
CNGJ58,476,209,21,170,15,73,88
CNGJ59,661,242,30,165,28,131,53
CNGJ61,141,0,50,0,0,0,0
CNGK01,802,295,21,247,13,135,129
CNGK02,679,219,22,237,7,108,128
CNGK03,569,204,23,201,9,81,124
CNGK04,672,207,18,244,7,96,150
CNGK05,596,201,28,216,7,109,121
CNGK06,739,237,26,243,6,173,126
CNGK07,639,228,18,202,4,133,102
CNGK08,555,190,31,201,7,88,124
CNGK09,667,238,38,215,8,110,116
CNGK10,711,310,21,231,5,152,81
CNGK11,665,223,23,241,5,116,142
CNGK12,587,247,8,193,4,146,74
CNGK13,727,288,24,235,18,167,105
CNGK14,665,268,21,205,10,122,110
CNGK15,732,312,13,236,4,173,101
CNGK16,690,285,20,220,11,158,105
CNGK17,599,261,23,188,8,153,71
CNGK18,786,253,20,245,3,179,114
CNGK19,607,222,21,186,9,104,97
CNGK20,585,250,19,187,2,156,76
CNGK21,573,225,27,202,9,92,113
CNGK22,518,201,14,158,4,137,52
CNGK23,442,169,6,155,3,93,75
CNGK24,398,103,28,159,4,44,112
CNGK25,341,141,12,115,2,55,62
CNGK26,600,221,17,224,2,155,86
CNGK27,667,358,9,228,4,222,41
CNGK28,536,246,15,175,5,151,57
CNGK29,613,268,18,188,6,154,54
CNGK30,547,207,19,161,0,122,72
CNGK31,509,201,16,144,6,107,60
CNGK32,499,271,12,200,6,168,52
CNGK33,549,226,18,182,2,111,97
CNGK34,581,253,29,188,5,145,88
CNGK35,575,234,17,195,6,127,96
CNGK36,368,149,9,143,7,41,85
CNGK37,413,203,14,158,4,135,49
CNGK38,596,248,24,196,10,136,111
CNGK39,736,320,42,220,12,144,115
CNGK40,509,218,15,188,2,89,101
CNGK41,717,304,23,213,9,180,65
CNGK42,481,204,17,162,1,88,81
CNGK43,584,242,19,187,9,94,94
CNGK44,568,242,26,176,6,148,62
CNGK45,735,300,29,229,12,135,135
CNGK46,517,191,16,161,7,96,79
CNGK47,525,209,37,164,8,67,106
CNGK48,633,278,20,194,4,178,60
CNGK52,323,30,51,0,0,0,0
CNGK53,308,164,5,127,2,117,25
CNGK54,549,150,34,220,4,62,161
CNGL01,816,316,6,225,0,220,6
CNGL02,760,285,2,218,1,215,10
CNGL03,701,341,7,192,0,190,5
CNGL04,681,354,10,229,0,222,11
CNGL05,569,239,3,169,0,161,17
CNGL06,763,291,4,226,0,223,14
CNGL07,731,318,8,200,0,200,7
CNGL08,719,248,15,216,0,120,72
CNGL09,879,379,11,286,2,277,43
CNGL10,667,264,7,223,3,158,40
CNGL11,472,172,11,167,5,77,63
CNGL12,757,290,4,219,1,217,10
CNGL13,761,319,13,230,1,172,57
CNGL14,840,354,20,246,9,195,58
CNGL15,787,256,9,251,1,243,59
CNGL16,627,244,3,170,0,167,12
CNGL17,647,263,3,205,0,162,42
CNGL18,758,300,4,219,0,214,13
CNGL19,623,284,10,189,0,183,10
CNGL20,379,141,7,110,1,98,16
CNGL21,804,291,6,230,0,221,21
CNGL22,538,163,9,213,0,136,89
CNGL23,628,182,9,229,2,175,77
CNGL24,615,197,14,214,2,159,81
CNGL25,705,225,20,213,4,118,73
CNGL26,713,315,10,213,0,209,23
CNGL27,700,341,6,202,0,196,9
CNGL28,660,284,8,221,0,204,33
CNGL29,607,205,15,226,0,204,52
CNGL30,706,218,12,220,2,208,33
CNGL31,653,210,5,197,2,172,37
CNGL32,554,203,7,187,0,137,59
CNGL33,666,243,17,229,6,122,97
CNGL34,640,264,12,206,0,197,25
CNGL35,646,224,11,232,1,165,71
CNGL36,679,256,4,184,1,181,16
CNGL37,679,231,6,186,0,179,13
CNGL38,681,265,9,194,1,183,23
CNGL39,664,293,5,186,0,184,11
CNGL40,689,239,9,178,0,175,3
CNGL41,920,346,3,242,0,238,13
CNGL42,782,332,15,224,0,222,26
CNGL43,854,373,9,237,0,236,17
CNGL44,706,301,6,194,0,196,4
CNGL45,422,170,13,185,1,80,74
CNGL46,634,279,9,170,0,166,5
CNGL47,516,206,10,168,0,160,34
CNGL48,733,221,7,204,0,197,27
CNGL49,706,274,8,198,0,178,19
CNGL50,722,302,6,212,1,178,20
CNGL51,739,297,7,198,0,192,7
CNGL52,1001,330,10,254,0,191,44
CNGL53,681,285,6,217,1,211,33
CNGL54,539,202,10,198,3,161,73
CNGL55,616,265,15,215,0,193,72
CNGL56,617,231,11,175,0,156,19
CNGL57,416,157,18,185,5,25,118
CNGL58,115,76,2,0,0,0,0
CNGM01,396,147,6,142,0,96,55
CNGM02,831,290,7,245,0,242,27
CNGM03,740,222,9,229,1,179,59
CNGM04,762,291,3,225,0,218,20
CNGM05,823,335,13,240,1,207,38
CNGM06,800,356,8,244,2,209,31
CNGM07,470,200,16,131,10,73,32
CNGM08,760,318,15,231,0,172,42
CNGM09,792,270,27,237,7,120,110
CNGM10,745,280,22,224,1,170,61
CNGM11,734,204,21,238,6,111,122
CNGM12,593,210,28,215,14,62,130
CNGM13,588,238,21,199,4,79,94
CNGM14,772,321,18,216,5,125,60
CNGM15,643,268,18,218,6,119,84
CNGM16,663,222,16,187,1,114,60
CNGM17,592,266,14,168,0,158,13
CNGM18,493,234,11,188,2,141,60
CNGM19,512,189,10,167,1,147,38
CNGM20,297,121,5,145,0,124,62
CNGM21,500,182,11,153,1,118,37
CNGM22,522,155,19,205,0,143,105
CNGM23,399,119,9,150,3,117,86
CNGM24,666,252,19,216,4,128,85
CNGM25,630,239,25,200,7,142,84
CNGM26,677,302,12,206,1,185,52
CNGM27,628,263,8,184,0,180,24
CNGM28,538,281,5,229,2,207,42
CNGM29,616,338,7,210,2,202,12
CNGM30,923,442,10,267,1,262,11
CNGM31,618,322,6,185,2,183,7
CNGM32,771,351,8,241,0,231,25
CNGM33,616,274,15,223,6,157,53
CNGM34,379,140,16,207,0,17,130
CNGM35,728,318,21,186,2,174,25
CNGM36,590,244,10,169,3,142,32
CNGM37,677,258,12,189,1,186,19
CNGM38,724,288,7,236,2,181,79
CNGM39,767,342,5,289,1,212,78
CNGM40,158,65,3,53,0,51,5
CNGM41,502,228,7,155,2,151,8
CNGM42,135,55,4,38,0,31,4
CNGM43,80,29,0,25,0,22,0
CNGM44,619,245,3,202,1,192,29
CNGM45,584,233,6,188,0,173,37
CNGM46,791,257,12,257,1,204,95
CNGM47,461,186,1,133,1,131,27
CNGM48,707,345,6,238,2,231,30
CNGM49,805,379,6,221,2,221,2
CNGM50,706,382,11,225,0,218,7
CNGM51,448,232,4,167,1,162,12
CNGM52,323,144,7,94,3,60,14
CNGM53,585,274,10,174,1,170,16
CNGM54,619,289,17,195,1,169,41
CNGM55,910,431,11,266,3,260,14
CNGM56,651,339,9,230,3,224,27
CNGM57,822,434,12,255,0,247,14
CNGM58,606,202,8,182,1,181,40
CNGM59,644,207,14,189,0,168,38
CNGM60,637,233,12,184,3,180,30
CNGM61,743,369,24,242,14,157,62
CNGM62,584,175,14,196,0,81,91
CNGM63,717,313,14,225,4,124,33
CNGN01,637,271,16,198,0,190,36
CNGN02,702,318,7,195,3,192,26
CNGN03,652,283,5,181,2,181,16
CNGN04,650,273,9,207,0,188,50
CNGN05,668,298,8,194,1,168,15
CNGN06,857,357,9,244,0,234,38
CNGN07,757,275,11,224,1,221,28
CNGN08,659,264,5,174,0,172,9
CNGN09,651,244,3,171,0,166,12
CNGN10,650,280,22,242,8,108,82
CNGN11,752,277,8,202,1,201,10
CNGN12,976,408,10,250,1,245,23
CNGN13,314,131,1,91,0,89,9
CNGN14,758,314,8,220,0,219,13
CNGN15,752,301,9,213,0,209,9
CNGN16,503,195,9,197,1,184,53
CNGN17,671,234,4,179,0,157,32
CNGN18,686,306,6,209,0,201,27
CNGN19,666,233,3,191,0,191,14
CNGN20,717,283,5,213,0,212,15
CNGN21,751,273,7,214,3,201,34
CNGN22,602,244,3,216,1,193,73
CNGN23,707,292,11,232,3,220,60
CNGN24,624,229,9,225,1,164,91
CNGN25,728,327,8,224,2,194,39
CNGN26,606,229,9,203,0,174,63
CNGN27,489,167,6,182,3,85,91
CNGN28,726,348,4,205,0,195,21
CNGN29,881,277,3,228,1,212,23
CNGN30,622,286,11,184,1,184,25
CNGN31,650,277,10,185,1,181,17
CNGN32,666,300,12,210,0,195,32
CNGN33,643,280,7,186,0,180,26
CNGN34,643,289,8,214,1,195,37
CNGN35,730,220,24,220,1,201,50
CNGN36,767,338,7,250,1,239,34
CNGN37,573,248,27,234,7,36,137
CNGN38,628,183,12,208,4,106,93
CNGN39,684,272,8,210,0,205,29
CNGN40,584,252,9,186,1,152,55
CNGN41,738,284,6,228,0,209,43
CNGN42,830,327,10,241,2,220,26
CNGN43,745,291,5,219,2,215,23
CNGN44,847,350,7,232,0,229,8
CNGN45,533,170,3,167,1,160,39
CNGN46,670,351,18,249,10,203,55
CNGN47,575,240,11,210,0,140,82
CNGN48,547,213,8,167,0,159,32
CNGN49,876,337,21,322,3,198,144
CNGN50,534,182,9,201,1,90,107
CNGN51,538,182,10,202,2,164,84
CNGN52,833,378,9,247,0,240,18
CNGN53,719,297,12,198,2,193,18
CNGN54,645,251,11,197,1,182,45
CNGP01,247,106,9,72,9,65,30
CNGP02,408,154,13,145,6,104,73
CNGP03,828,257,57,234,45,145,148
CNGP04,638,241,29,213,17,119,130
CNGP05,657,228,37,226,13,116,141
CNGP06,618,234,15,196,8,111,112
CNGP07,495,176,31,146,24,79,76
CNGP08,514,170,31,150,29,70,106
CNGP09,404,126,22,131,23,71,84
CNGP10,594,185,35,184,18,72,122
CNGP11,561,189,19,207,16,68,138
CNGP12,720,267,31,232,30,118,129
CNGP13,506,146,21,207,3,2,155
CNGP14,521,152,11,177,5,100,97
CNGP15,576,215,16,180,3,89,105
CNGP16,259,81,11,116,4,1,89
CNGP17,763,257,24,228,4,152,110
CNGP18,665,269,19,193,11,156,76
CNGP19,619,253,14,191,7,167,76
CNGP20,543,187,23,175,28,88,115
CNGP21,614,192,40,183,44,110,117
CNGP22,557,230,27,172,7,153,72
CNGP23,680,220,31,182,31,115,105
CNGP24,561,222,12,177,12,157,67
CNGP25,652,264,17,223,7,164,104
CNGP26,692,273,23,220,10,194,99
CNGP27,672,257,32,183,12,159,81
CNGP28,642,250,24,187,14,165,73
CNGP29,624,221,19,208,5,151,117
CNGP30,458,109,18,136,21,49,98
CNGP31,411,125,21,122,32,73,77
CNGP32,571,184,24,161,21,101,99
CNGP33,630,195,42,175,35,112,104
CNGP34,762,257,36,196,43,162,103
CNGP35,836,286,42,237,38,156,139
CNGP36,545,182,19,195,16,30,130
CNGP37,622,219,32,186,16,85,111
CNGP38,681,241,28,200,26,134,110
CNGP39,627,218,24,211,8,107,125
CNGP40,720,256,32,215,7,167,95
CNGP41,686,247,29,211,17,143,107
CNGP42,549,169,36,222,7,22,162
CNGP43,573,196,28,194,8,110,129
CNGP44,689,264,34,222,11,113,132
CNGP45,510,194,13,156,7,129,69
CNGP46,619,146,33,201,7,85,137
CNGP47,679,235,34,216,16,75,136
CNGP48,551,208,16,165,10,74,83
CNGP49,681,238,37,216,13,121,133
CNGP50,753,271,39,211,28,88,133
CNGP51,556,212,25,181,16,87,109
CNGP52,667,253,25,195,12,91,121
CNGQ01,497,241,28,194,3,110,88
CNGQ02,506,183,35,179,6,49,119
CNGQ03,584,223,23,213,9,99,116
CNGQ04,535,198,24,169,8,89,86
CNGQ05,571,205,18,181,8,80,96
CNGQ06,644,226,22,218,8,99,131
CNGQ07,782,306,13,237,15,114,125
CNGQ08,437,152,15,147,7,66,83
CNGQ09,617,216,30,205,8,104,122
CNGQ10,546,205,21,178,8,87,105
CNGQ11,672,224,27,219,13,94,126
CNGQ12,629,254,15,197,12,108,97
CNGQ13,679,255,19,224,11,116,118
CNGQ14,633,243,19,215,5,99,110
CNGQ15,549,216,25,235,4,45,150
CNGQ16,577,184,25,218,5,45,151
CNGQ17,414,166,32,170,10,11,124
CNGQ18,730,342,6,203,0,202,23
CNGQ19,665,217,20,217,0,80,87
CNGQ20,712,229,8,217,1,70,44
CNGQ21,696,216,9,187,0,184,20
CNGQ22,782,323,4,221,2,207,24
CNGQ23,716,226,20,220,7,46,87
CNGQ24,691,263,11,200,0,189,30
CNGQ25,597,161,9,190,0,121,69
CNGQ26,639,297,10,198,2,191,39
CNGQ28,828,311,15,241,3,176,54
CNGQ29,562,171,20,208,1,2,112
CNGQ30,649,192,25,220,4,0,117
CNGQ31,682,332,10,191,1,182,12
CNGQ32,598,224,9,180,2,141,17
CNGQ33,474,186,13,213,1,44,115
CNGQ34,427,170,19,191,5,35,120
CNGQ35,226,90,10,131,3,7,98
CNGQ36,401,40,7,95,7,6,63
CNGQ37,567,219,12,218,9,61,132
CNGQ38,632,250,15,245,7,69,155
CNGQ39,704,253,23,240,14,112,136
CNGQ40,704,246,16,241,5,78,149
CNGQ41,763,302,22,231,15,100,127
CNGQ42,770,284,22,231,7,167,91
CNGQ43,680,255,25,217,9,100,122
CNGQ44,602,242,37,189,14,96,107
CNGR01,590,250,20,210,6,103,96
CNGR02,836,274,21,262,11,128,133
CNGR03,676,228,19,188,9,103,90
CNGR04,738,361,25,205,6,179,45
CNGR05,785,291,37,211,18,75,114
CNGR06,753,289,38,222,21,100,112
CNGR07,619,251,33,189,15,111,92
CNGR08,452,179,30,144,8,78,68
CNGR09,727,328,20,211,7,178,70
CNGR10,559,171,26,202,4,53,137
CNGR11,585,228,36,210,3,59,128
CNGR12,756,329,25,216,5,160,53
CNGR13,732,257,32,235,10,163,97
CNGR14,686,237,30,228,6,123,128
CNGR15,784,279,44,233,4,104,127
CNGR16,596,176,22,210,3,87,133
CNGR17,746,275,27,243,12,121,138
CNGR18,707,259,23,234,19,109,126
CNGR19,721,332,11,228,6,208,70
CNGR20,595,216,16,171,3,112,68
CNGR21,637,235,17,227,4,140,113
CNGR22,539,160,12,162,2,97,67
CNGR23,759,297,23,230,8,157,80
CNGR24,740,259,45,229,6,77,133
CNGR25,571,169,25,197,10,60,121
CNGR26,491,135,18,218,2,8,163
CNGR27,694,230,11,211,5,129,98
CNGR28,756,342,14,244,0,206,66
CNGR29,651,191,15,219,2,118,112
CNGR30,658,204,17,227,6,114,123
CNGR31,679,214,23,203,3,100,110
CNGR32,652,249,13,239,1,192,102
CNGR33,568,234,17,167,0,158,62
CNGR34,762,299,15,238,4,220,79
CNGR35,775,315,6,239,2,234,53
CNGR36,710,266,15,238,7,184,85
CNGR37,713,278,12,220,1,213,50
CNGR38,735,295,8,223,2,220,50
CNGR39,632,288,12,193,4,187,39
CNGR40,944,405,18,264,4,253,54
CNGR41,725,252,22,217,6,136,98
CNGR42,642,223,19,214,1,184,88
CNGR43,547,235,11,159,3,156,30
