lsoa21,oa01,prop_oa01
E01008881,E00045116,1
E01008881,E00045118,1
E01008881,E00045110,1
E01008881,E00045113,1
E01008881,E00045123,1
E01008882,E00045124,1
E01008882,E00045121,1
E01008882,E00045120,1
E01008882,E00045114,1
E01008882,E00045119,1
E01008883,E00045128,1
E01008883,E00045122,1
E01008883,E00045126,1
E01008883,E00045127,1
E01008883,E00045136,1
E01008884,E00045134,1
E01008884,E00045131,1
E01008884,E00045129,1
E01008884,E00045125,1
E01008884,E00045135,1
E01008885,E00045137,1
E01008885,E00045143,1
E01008885,E00045149,1
E01008885,E00045146,1
E01008886,E00045144,1
E01008886,E00045141,1
E01008886,E00045132,1
E01008886,E00045139,1
E01008886,E00045133,1
E01008886,E00045130,1
E01008887,E00045147,1
E01008887,E00045138,1
E01008887,E00045140,1
E01008887,E00045152,1
E01008887,E00045142,1
E01008888,E00045151,1
E01008888,E00045157,1
E01008888,E00045155,1
E01008888,E00045150,1
E01008888,E00045156,1
E01008889,E00045162,1
E01008889,E00045145,1
E01008889,E00045085,1
E01008889,E00045080,1
E01008889,E00045081,1
E01008890,E00045153,1
E01008890,E00045154,1
E01008890,E00045086,1
E01008890,E00045158,1
E01008890,E00045148,1
E01008891,E00045159,1
E01008891,E00045164,1
E01008891,E00045077,1
E01008891,E00045088,1
E01008891,E00045083,1
E01008892,E00045160,1
E01008892,E00045161,1
E01008892,E00045165,1
E01008892,E00045082,1
E01008893,E00045092,1
E01008893,E00045087,1
E01008893,E00045084,1
E01008893,E00045163,1
E01008893,E00045078,1
E01008894,E00045091,1
E01008894,E00045079,1
E01008894,E00045093,1
E01008894,E00045090,1
E01008894,E00045096,1
E01008895,E00045094,1
E01008895,E00045089,1
E01008895,E00045095,1
E01008895,E00045098,1
E01008895,E00045097,1
E01008896,E00045109,1
E01008896,E00045101,1
E01008896,E00045106,1
E01008896,E00045099,1
E01008896,E00045105,1
E01008897,E00045103,1
E01008897,E00045100,1
E01008897,E00045107,1
E01008897,E00045112,1
E01008897,E00045102,1
E01008898,E00045117,1
E01008898,E00045115,1
E01008898,E00045104,1
E01008898,E00045111,1
E01008898,E00045108,1
E01008899,E00045230,1
E01008899,E00045223,1
E01008899,E00045214,1
E01008899,E00045233,1
E01008899,E00045229,1
E01008901,E00045236,1
E01008901,E00045222,1
E01008901,E00045238,1
E01008901,E00045234,1
E01008901,E00045174,1
E01008905,E00045241,1
E01008905,E00045178,1
E01008905,E00045176,1
E01008905,E00045168,1
E01008906,E00045187,1
E01008906,E00045183,1
E01008906,E00045186,1
E01008906,E00045247,1
E01008906,E00045180,1
E01008907,E00045189,1
E01008907,E00045166,1
E01008907,E00045167,1
E01008907,E00045242,1
E01008907,E00045184,1
E01008909,E00045197,1
E01008909,E00045177,1
E01008909,E00045169,1
E01008909,E00045193,1
E01008910,E00045170,1
E01008910,E00045195,1
E01008910,E00045192,1
E01008910,E00045179,1
E01008910,E00045243,1
E01008911,E00045196,1
E01008911,E00045199,1
E01008911,E00045171,1
E01008911,E00045204,1
E01008913,E00045194,1
E01008913,E00045200,1
E01008913,E00045202,1
E01008913,E00045207,1
E01008913,E00045188,1
E01008915,E00045213,1
E01008915,E00045215,1
E01008915,E00045216,1
E01008915,E00045218,1
E01008916,E00045217,1
E01008916,E00045219,1
E01008916,E00045221,1
E01008916,E00045220,1
E01008917,E00045255,1
E01008917,E00045258,1
E01008917,E00045297,1
E01008917,E00045287,1
E01008918,E00045292,1
E01008918,E00045288,1
E01008918,E00045284,1
E01008918,E00045254,1
E01008918,E00045289,1
E01008918,E00045285,1
E01008919,E00045278,1
E01008919,E00045286,1
E01008919,E00045279,1
E01008919,E00045293,1
E01008919,E00045295,1
E01008920,E00045303,1
E01008920,E00045296,1
E01008920,E00045298,1
E01008920,E00045301,1
E01008921,E00045275,1
E01008921,E00045282,1
E01008921,E00045253,1
E01008921,E00045290,1
E01008921,E00045256,1
E01008923,E00045300,1
E01008923,E00045307,1
E01008923,E00045259,1
E01008923,E00045321,1
E01008923,E00045322,1
E01008924,E00045260,1
E01008924,E00045294,1
E01008924,E00045313,1
E01008924,E00045309,1
E01008924,E00045299,1
E01008925,E00045312,1
E01008925,E00045257,1
E01008925,E00045306,1
E01008925,E00045305,1
E01008927,E00045315,1
E01008927,E00045261,1
E01008927,E00045320,1
E01008927,E00045266,1
E01008927,E00045318,1
E01008928,E00045252,1
E01008928,E00045324,1
E01008928,E00045323,1
E01008928,E00045262,1
E01008928,E00045264,1
E01008929,E00045251,1
E01008929,E00045249,1
E01008929,E00045250,1
E01008929,E00045325,1
E01008929,E00045263,1
E01008929,E00045267,1
E01008930,E00045270,1
E01008930,E00045268,1
E01008930,E00045271,1
E01008930,E00045272,1
E01008930,E00045273,1
E01008930,E00045274,1
E01008930,E00045269,1
E01008931,E00045276,1
E01008931,E00045283,1
E01008931,E00045281,1
E01008931,E00045277,1
E01008931,E00045280,1
E01008932,E00045380,1
E01008932,E00045376,1
E01008932,E00045381,1
E01008932,E00045385,1
E01008932,E00045379,1
E01008933,E00045375,1
E01008933,E00045374,1
E01008933,E00045377,1
E01008933,E00045383,1
E01008934,E00045378,1
E01008934,E00045382,1
E01008934,E00045326,1
E01008934,E00045390,1
E01008934,E00045327,1
E01008935,E00045394,1
E01008935,E00045388,1
E01008935,E00045399,1
E01008935,E00045392,1
E01008935,E00045398,1
E01008936,E00045387,1
E01008936,E00045391,1
E01008936,E00045386,1
E01008936,E00045384,1
E01008936,E00045389,1
E01008937,E00045328,1
E01008937,E00045396,1
E01008937,E00045393,1
E01008937,E00045402,1
E01008937,E00045404,1
E01008938,E00045395,1
E01008938,E00045397,1
E01008938,E00045400,1
E01008938,E00045329,1
E01008938,E00045401,1
E01008939,E00045406,1
E01008939,E00045403,1
E01008939,E00045405,1
E01008939,E00045334,1
E01008939,E00045411,1
E01008940,E00045337,1
E01008940,E00045339,1
E01008940,E00045338,1
E01008940,E00045340,1
E01008940,E00045409,1
E01008941,E00045407,1
E01008941,E00045408,1
E01008941,E00045410,1
E01008941,E00045330,1
E01008941,E00045412,1
E01008942,E00045341,1
E01008942,E00045346,1
E01008942,E00045357,1
E01008942,E00045355,1
E01008942,E00045331,1
E01008943,E00045333,1
E01008943,E00045351,1
E01008943,E00045345,1
E01008943,E00045348,1
E01008944,E00045343,1
E01008944,E00045335,1
E01008944,E00045332,1
E01008944,E00045349,1
E01008944,E00045347,1
E01008944,E00045344,1
E01008945,E00045336,1
E01008945,E00045342,1
E01008945,E00045350,1
E01008945,E00045356,1
E01008945,E00045352,1
E01008946,E00045354,1
E01008946,E00045362,1
E01008946,E00045363,1
E01008946,E00045367,1
E01008946,E00045366,1
E01008947,E00045364,1
E01008947,E00045353,1
E01008947,E00045359,1
E01008947,E00045360,1
E01008948,E00045371,1
E01008948,E00045358,1
E01008948,E00045361,1
E01008948,E00045365,1
E01008948,E00045370,1
E01008949,E00045368,1
E01008949,E00045372,1
E01008949,E00045373,1
E01008949,E00045369,1
E01008950,E00045479,1
E01008950,E00045489,1
E01008950,E00045472,1
E01008950,E00045476,1
E01008950,E00045485,1
E01008950,E00045490,1
E01008951,E00045474,1
E01008951,E00045482,1
E01008951,E00045477,1
E01008951,E00045494,1
E01008951,E00045493,1
E01008952,E00045481,1
E01008952,E00045492,1
E01008952,E00045469,1
E01008952,E00045478,1
E01008952,E00045475,1
E01008952,E00045415,1
E01008953,E00045491,1
E01008953,E00045416,1
E01008953,E00045486,1
E01008953,E00045483,1
E01008953,E00045496,1
E01008954,E00045430,1
E01008954,E00045487,1
E01008954,E00045424,1
E01008954,E00045425,1
E01008954,E00045495,1
E01008955,E00045428,1
E01008955,E00045473,1
E01008955,E00045488,1
E01008955,E00045484,1
E01008955,E00045470,1
E01008956,E00045423,1
E01008956,E00045418,1
E01008956,E00045417,1
E01008956,E00045497,1
E01008956,E00045431,1
E01008957,E00045434,1
E01008957,E00045429,1
E01008957,E00045445,1
E01008957,E00045420,1
E01008957,E00045427,1
E01008958,E00045432,1
E01008958,E00045426,1
E01008958,E00045437,1
E01008958,E00045436,1
E01008958,E00045435,1
E01008958,E00045419,1
E01008959,E00045447,1
E01008959,E00045452,1
E01008959,E00045446,1
E01008959,E00045438,1
E01008959,E00045440,1
E01008959,E00045433,1
E01008960,E00045444,1
E01008960,E00045442,1
E01008960,E00045441,1
E01008960,E00045422,1
E01008960,E00045439,1
E01008961,E00045448,1
E01008961,E00045450,1
E01008961,E00045451,1
E01008961,E00045449,1
E01008961,E00045443,1
E01008962,E00045453,1
E01008962,E00045454,1
E01008962,E00045455,1
E01008962,E00045457,1
E01008962,E00045458,1
E01008962,E00045456,1
E01008963,E00045460,1
E01008963,E00045464,1
E01008963,E00045467,1
E01008963,E00045463,1
E01008963,E00045414,1
E01008964,E00045421,1
E01008964,E00045413,1
E01008964,E00045459,1
E01008964,E00045462,1
E01008964,E00045461,1
E01008965,E00045471,1
E01008965,E00045466,1
E01008965,E00045468,1
E01008965,E00045465,1
E01008965,E00045480,1
E01008966,E00045534,1
E01008966,E00045527,1
E01008966,E00045538,1
E01008966,E00045528,1
E01008966,E00045525,1
E01008967,E00045523,1
E01008967,E00045548,1
E01008967,E00045536,1
E01008967,E00045535,1
E01008967,E00045506,1
E01008968,E00045526,1
E01008968,E00045537,1
E01008968,E00045531,1
E01008968,E00045498,1
E01008968,E00045530,1
E01008969,E00045541,1
E01008969,E00045556,1
E01008969,E00045547,1
E01008969,E00045546,1
E01008969,E00045552,1
E01008969,E00045550,1
E01008970,E00045532,1
E01008970,E00045543,1
E01008970,E00045544,1
E01008970,E00045551,1
E01008970,E00045533,1
E01008971,E00045542,1
E01008971,E00045540,1
E01008971,E00045549,1
E01008971,E00045555,1
E01008971,E00045559,1
E01008972,E00045562,1
E01008972,E00045539,1
E01008972,E00045554,1
E01008972,E00045553,1
E01008972,E00045545,1
E01008973,E00045565,1
E01008973,E00045563,1
E01008973,E00045558,1
E01008973,E00045564,1
E01008973,E00045499,1
E01008973,E00045560,1
E01008974,E00045567,1
E01008974,E00045561,1
E01008974,E00045566,1
E01008974,E00045568,1
E01008974,E00045557,1
E01008975,E00045574,1
E01008975,E00045575,1
E01008975,E00045578,1
E01008975,E00045570,1
E01008975,E00045573,1
E01008976,E00045569,1
E01008976,E00045577,1
E01008976,E00045571,1
E01008976,E00045581,1
E01008976,E00045579,1
E01008976,E00045502,1
E01008977,E00045572,1
E01008977,E00045580,1
E01008977,E00045576,1
E01008977,E00045501,1
E01008977,E00045500,1
E01008978,E00045509,1
E01008978,E00045510,1
E01008978,E00045515,1
E01008978,E00045517,1
E01008978,E00045514,1
E01008978,E00045513,1
E01008979,E00045519,1
E01008979,E00045516,1
E01008979,E00045508,1
E01008979,E00045511,1
E01008979,E00045503,1
E01008979,E00045582,1
E01008980,E00045507,1
E01008980,E00045518,1
E01008980,E00045505,1
E01008980,E00045512,1
E01008980,E00045504,1
E01008981,E00045522,1
E01008981,E00045524,1
E01008981,E00045529,1
E01008981,E00045521,1
E01008981,E00045520,1
E01008982,E00045651,1
E01008982,E00045655,1
E01008982,E00045656,1
E01008982,E00045590,1
E01008984,E00045643,1
E01008984,E00045644,1
E01008984,E00045647,1
E01008984,E00045649,1
E01008984,E00045652,1
E01008984,E00045654,1
E01008986,E00045592,1
E01008986,E00045658,1
E01008986,E00045659,1
E01008986,E00045599,1
E01008986,E00045603,1
E01008987,E00045583,1
E01008987,E00045593,1
E01008987,E00045594,1
E01008987,E00045661,1
E01008987,E00045660,1
E01008988,E00045610,1
E01008988,E00045602,1
E01008988,E00045596,1
E01008988,E00045595,1
E01008988,E00045600,1
E01008988,E00045597,1
E01008989,E00045608,1
E01008989,E00045604,1
E01008989,E00045606,1
E01008989,E00045601,1
E01008989,E00045605,1
E01008989,E00045598,1
E01008990,E00045609,1
E01008990,E00045612,1
E01008990,E00045628,1
E01008990,E00045621,1
E01008991,E00045613,1
E01008991,E00045584,1
E01008991,E00045616,1
E01008991,E00045615,1
E01008991,E00045627,1
E01008992,E00045642,1
E01008992,E00045622,1
E01008992,E00045645,1
E01008992,E00045629,1
E01008994,E00045607,1
E01008994,E00045614,1
E01008994,E00045620,1
E01008994,E00045586,1
E01008994,E00045632,1
E01008994,E00045611,1
E01008995,E00045623,1
E01008995,E00045618,1
E01008995,E00045626,1
E01008995,E00045625,1
E01008995,E00045633,1
E01008995,E00045638,1
E01008996,E00045630,1
E01008996,E00045639,1
E01008996,E00045640,1
E01008996,E00045635,1
E01008996,E00045588,1
E01008997,E00045641,1
E01008997,E00045637,1
E01008997,E00045589,1
E01008997,E00045636,1
E01008997,E00045631,1
E01008998,E00045712,1
E01008998,E00045662,1
E01008998,E00045671,1
E01008998,E00045713,1
E01008998,E00045708,1
E01008999,E00045705,1
E01008999,E00045711,1
E01008999,E00045670,1
E01008999,E00045710,1
E01009000,E00045669,1
E01009000,E00045704,1
E01009000,E00045709,1
E01009000,E00045668,1
E01009000,E00045707,1
E01009001,E00045714,1
E01009001,E00045717,1
E01009001,E00045663,1
E01009001,E00045715,1
E01009001,E00045721,1
E01009002,E00045718,1
E01009002,E00045719,1
E01009002,E00045727,1
E01009002,E00045730,1
E01009002,E00045716,1
E01009003,E00045720,1
E01009003,E00045740,1
E01009003,E00045736,1
E01009003,E00045743,1
E01009003,E00045724,1
E01009005,E00045664,1
E01009005,E00045744,1
E01009005,E00045742,1
E01009005,E00045729,1
E01009005,E00045665,1
E01009006,E00045737,1
E01009006,E00045728,1
E01009006,E00045722,1
E01009006,E00045741,1
E01009006,E00045739,1
E01009006,E00045732,1
E01009007,E00045682,1
E01009007,E00045745,1
E01009007,E00045731,1
E01009007,E00045681,1
E01009007,E00045687,1
E01009007,E00045673,1
E01009008,E00045674,1
E01009008,E00045679,1
E01009008,E00045685,1
E01009008,E00045689,1
E01009008,E00045683,1
E01009009,E00045675,1
E01009009,E00045676,1
E01009009,E00045684,1
E01009009,E00045672,1
E01009009,E00045680,1
E01009011,E00045690,1
E01009011,E00045702,1
E01009011,E00045697,1
E01009011,E00045666,1
E01009011,E00045692,1
E01009011,E00045701,1
E01009012,E00045694,1
E01009012,E00045703,1
E01009012,E00045695,1
E01009012,E00045693,1
E01009012,E00045691,1
E01009013,E00045667,1
E01009013,E00045696,1
E01009013,E00045700,1
E01009013,E00045706,1
E01009013,E00045699,1
E01009013,E00045698,1
E01009014,E00045816,1
E01009014,E00045817,1
E01009014,E00045759,1
E01009014,E00045748,1
E01009014,E00045747,1
E01009015,E00045750,1
E01009015,E00045819,1
E01009015,E00045815,1
E01009015,E00045751,1
E01009015,E00045813,1
E01009016,E00045749,1
E01009016,E00045769,1
E01009016,E00045757,1
E01009016,E00045752,1
E01009016,E00045756,1
E01009017,E00045811,1
E01009017,E00045820,1
E01009017,E00045810,1
E01009017,E00045755,1
E01009018,E00045814,1
E01009018,E00045806,1
E01009018,E00045821,1
E01009018,E00045754,1
E01009018,E00045807,1
E01009019,E00045775,1
E01009019,E00045771,1
E01009019,E00045770,1
E01009019,E00045774,1
E01009019,E00045781,1
E01009020,E00045758,1
E01009020,E00045765,1
E01009020,E00045761,1
E01009020,E00045762,1
E01009021,E00045766,1
E01009021,E00045768,1
E01009021,E00045763,1
E01009021,E00045753,1
E01009021,E00045764,1
E01009022,E00045778,1
E01009022,E00045773,1
E01009022,E00045760,1
E01009022,E00045767,1
E01009022,E00045772,1
E01009023,E00045776,1
E01009023,E00045782,1
E01009023,E00045777,1
E01009023,E00045790,1
E01009023,E00045785,1
E01009024,E00045788,1
E01009024,E00045783,1
E01009024,E00045746,1
E01009024,E00045784,1
E01009024,E00045789,1
E01009025,E00045791,1
E01009025,E00045786,1
E01009025,E00045779,1
E01009025,E00045787,1
E01009025,E00045780,1
E01009026,E00045793,1
E01009026,E00045795,1
E01009026,E00045799,1
E01009026,E00045796,1
E01009026,E00045801,1
E01009028,E00045794,1
E01009028,E00045804,1
E01009028,E00045805,1
E01009028,E00045802,1
E01009028,E00045800,1
E01009029,E00045809,1
E01009029,E00045812,1
E01009029,E00045797,1
E01009029,E00045798,1
E01009030,E00045862,1
E01009030,E00045860,1
E01009030,E00045858,1
E01009030,E00045852,1
E01009031,E00045868,1
E01009031,E00045864,1
E01009031,E00045866,1
E01009031,E00045872,1
E01009031,E00045869,1
E01009032,E00045863,1
E01009032,E00045865,1
E01009032,E00045867,1
E01009032,E00045871,1
E01009032,E00045870,1
E01009033,E00045879,1
E01009033,E00045875,1
E01009033,E00045886,1
E01009033,E00045880,1
E01009033,E00045876,1
E01009034,E00045873,1
E01009034,E00045881,1
E01009034,E00045889,1
E01009034,E00045896,1
E01009035,E00045877,1
E01009035,E00045882,1
E01009035,E00045874,1
E01009035,E00045884,1
E01009035,E00045883,1
E01009036,E00045893,1
E01009036,E00045892,1
E01009036,E00045900,1
E01009036,E00045898,1
E01009037,E00045894,1
E01009037,E00045885,1
E01009037,E00045891,1
E01009037,E00045878,1
E01009037,E00045823,1
E01009039,E00045827,1
E01009039,E00045826,1
E01009039,E00045830,1
E01009039,E00045895,1
E01009039,E00045836,1
E01009040,E00045890,1
E01009040,E00045899,1
E01009040,E00045828,1
E01009040,E00045832,1
E01009040,E00045834,1
E01009041,E00045831,1
E01009041,E00045835,1
E01009041,E00045829,1
E01009041,E00045825,1
E01009041,E00045833,1
E01009042,E00045840,1
E01009042,E00045839,1
E01009042,E00045837,1
E01009042,E00045838,1
E01009043,E00045822,1
E01009043,E00045848,1
E01009043,E00045844,1
E01009043,E00045841,1
E01009043,E00045849,1
E01009044,E00045842,1
E01009044,E00045845,1
E01009044,E00045847,1
E01009044,E00045846,1
E01009045,E00045850,1
E01009045,E00045853,1
E01009045,E00045851,1
E01009045,E00045843,1
E01009045,E00045856,1
E01009046,E00045857,1
E01009046,E00045861,1
E01009046,E00045859,1
E01009046,E00045855,1
E01009046,E00045854,1
E01009047,E00045929,1
E01009047,E00045944,1
E01009047,E00045935,1
E01009047,E00045948,1
E01009048,E00045947,1
E01009048,E00045945,1
E01009048,E00045941,1
E01009048,E00045933,1
E01009049,E00045901,1
E01009049,E00045954,1
E01009049,E00045951,1
E01009049,E00045911,1
E01009050,E00045949,1
E01009050,E00045953,1
E01009050,E00045957,1
E01009050,E00045964,1
E01009050,E00045966,1
E01009051,E00045950,1
E01009051,E00045952,1
E01009051,E00045909,1
E01009051,E00045967,1
E01009053,E00045956,1
E01009053,E00045902,1
E01009053,E00045959,1
E01009053,E00045913,1
E01009054,E00045915,1
E01009054,E00045910,1
E01009054,E00045962,1
E01009054,E00045918,1
E01009056,E00045908,1
E01009056,E00045922,1
E01009056,E00045960,1
E01009056,E00045963,1
E01009057,E00045961,1
E01009057,E00045925,1
E01009057,E00045906,1
E01009057,E00045914,1
E01009058,E00045905,1
E01009058,E00045923,1
E01009058,E00045904,1
E01009058,E00045969,1
E01009059,E00045927,1
E01009059,E00045920,1
E01009059,E00045926,1
E01009059,E00045917,1
E01009060,E00045928,1
E01009060,E00045940,1
E01009060,E00045924,1
E01009060,E00045907,1
E01009061,E00045934,1
E01009061,E00045921,1
E01009061,E00045932,1
E01009061,E00045931,1
E01009062,E00045939,1
E01009062,E00045930,1
E01009062,E00045943,1
E01009062,E00045936,1
E01009064,E00046028,1
E01009064,E00046032,1
E01009064,E00046035,1
E01009064,E00046037,1
E01009064,E00045970,1
E01009065,E00046039,1
E01009065,E00046043,1
E01009065,E00046045,1
E01009065,E00045976,1
E01009065,E00045980,1
E01009066,E00046038,1
E01009066,E00046040,1
E01009066,E00046041,1
E01009066,E00046044,1
E01009066,E00046042,1
E01009067,E00045975,1
E01009067,E00046046,1
E01009067,E00046047,1
E01009067,E00046048,1
E01009067,E00045982,1
E01009067,E00045983,1
E01009068,E00045991,1
E01009068,E00046001,1
E01009068,E00045986,1
E01009068,E00045979,1
E01009068,E00045985,1
E01009069,E00046050,1
E01009069,E00045989,1
E01009069,E00045971,1
E01009069,E00045978,1
E01009069,E00046049,1
E01009069,E00045981,1
E01009070,E00045994,1
E01009070,E00045987,1
E01009070,E00045972,1
E01009070,E00045984,1
E01009070,E00045990,1
E01009071,E00046005,1
E01009071,E00045993,1
E01009071,E00046016,1
E01009071,E00045999,1
E01009071,E00046018,1
E01009071,E00046011,1
E01009072,E00045995,1
E01009072,E00046000,1
E01009072,E00045997,1
E01009072,E00046006,1
E01009072,E00045977,1
E01009072,E00045988,1
E01009073,E00045996,1
E01009073,E00046002,1
E01009073,E00046010,1
E01009073,E00046017,1
E01009073,E00046012,1
E01009074,E00046004,1
E01009074,E00046008,1
E01009074,E00046003,1
E01009074,E00046014,1
E01009074,E00045998,1
E01009075,E00045973,1
E01009075,E00045992,1
E01009075,E00046009,1
E01009075,E00046007,1
E01009075,E00046013,1
E01009075,E00046019,1
E01009077,E00046027,1
E01009077,E00046020,1
E01009077,E00046015,1
E01009077,E00046025,1
E01009077,E00046030,1
E01009077,E00046036,1
E01009078,E00046034,1
E01009078,E00046024,1
E01009078,E00046031,1
E01009078,E00046029,1
E01009078,E00046033,1
E01009079,E00046080,1
E01009079,E00046081,1
E01009079,E00046074,1
E01009079,E00046091,1
E01009079,E00046073,1
E01009079,E00046076,1
E01009080,E00046079,1
E01009080,E00046055,1
E01009080,E00046075,1
E01009080,E00046078,1
E01009080,E00046072,1
E01009081,E00046083,1
E01009081,E00046056,1
E01009081,E00046082,1
E01009081,E00046054,1
E01009081,E00046077,1
E01009082,E00046087,1
E01009082,E00046088,1
E01009082,E00046086,1
E01009082,E00046085,1
E01009083,E00046090,1
E01009083,E00046094,1
E01009083,E00046089,1
E01009083,E00046098,1
E01009083,E00046092,1
E01009083,E00046084,1
E01009084,E00046102,1
E01009084,E00046099,1
E01009084,E00046112,1
E01009084,E00046096,1
E01009085,E00046116,1
E01009085,E00046113,1
E01009085,E00046108,1
E01009085,E00046057,1
E01009086,E00046103,1
E01009086,E00046101,1
E01009086,E00046097,1
E01009086,E00046114,1
E01009086,E00046107,1
E01009087,E00046105,1
E01009087,E00046058,1
E01009087,E00046115,1
E01009087,E00046104,1
E01009087,E00046093,1
E01009088,E00046059,1
E01009088,E00046110,1
E01009088,E00046109,1
E01009088,E00046095,1
E01009088,E00046100,1
E01009089,E00046120,1
E01009089,E00046111,1
E01009089,E00046118,1
E01009089,E00046125,1
E01009090,E00046119,1
E01009090,E00046123,1
E01009090,E00046117,1
E01009090,E00046106,1
E01009091,E00046126,1
E01009091,E00046121,1
E01009091,E00046051,1
E01009091,E00046124,1
E01009091,E00046122,1
E01009092,E00046068,1
E01009092,E00046060,1
E01009092,E00046066,1
E01009092,E00046127,1
E01009092,E00046128,1
E01009093,E00046067,1
E01009093,E00046062,1
E01009093,E00046064,1
E01009093,E00046131,1
E01009093,E00046130,1
E01009094,E00046061,1
E01009094,E00046069,1
E01009094,E00046070,1
E01009094,E00046053,1
E01009095,E00046065,1
E01009095,E00046129,1
E01009095,E00046063,1
E01009095,E00046071,1
E01009095,E00046052,1
E01009096,E00046147,1
E01009096,E00046146,1
E01009096,E00046152,1
E01009096,E00046157,1
E01009096,E00046155,1
E01009096,E00046141,1
E01009097,E00046151,1
E01009097,E00046156,1
E01009097,E00046165,1
E01009097,E00046168,1
E01009097,E00046161,1
E01009098,E00046132,1
E01009098,E00046187,1
E01009098,E00046150,1
E01009098,E00046153,1
E01009098,E00046159,1
E01009098,E00046148,1
E01009099,E00046160,1
E01009099,E00046163,1
E01009099,E00046135,1
E01009099,E00046133,1
E01009099,E00046166,1
E01009100,E00046184,1
E01009100,E00046134,1
E01009100,E00046145,1
E01009100,E00046139,1
E01009100,E00046136,1
E01009101,E00046183,1
E01009101,E00046162,1
E01009101,E00046174,1
E01009101,E00046169,1
E01009101,E00046172,1
E01009102,E00046164,1
E01009102,E00046170,1
E01009102,E00046176,1
E01009102,E00046178,1
E01009102,E00046137,1
E01009103,E00046175,1
E01009103,E00046182,1
E01009103,E00046181,1
E01009103,E00046177,1
E01009103,E00046167,1
E01009104,E00046171,1
E01009104,E00046180,1
E01009104,E00046138,1
E01009104,E00046179,1
E01009104,E00046173,1
E01009105,E00046154,1
E01009105,E00046144,1
E01009105,E00046186,1
E01009105,E00046188,1
E01009105,E00046149,1
E01009106,E00046185,1
E01009106,E00046143,1
E01009106,E00046142,1
E01009106,E00046140,1
E01009106,E00046158,1
E01009107,E00046249,1
E01009107,E00046202,1
E01009107,E00046248,1
E01009107,E00046256,1
E01009107,E00046253,1
E01009107,E00046212,1
E01009108,E00046247,1
E01009108,E00046252,1
E01009108,E00046259,1
E01009108,E00046258,1
E01009108,E00046198,1
E01009109,E00046241,1
E01009109,E00046251,1
E01009109,E00046250,1
E01009109,E00046246,1
E01009109,E00046243,1
E01009110,E00046257,1
E01009110,E00046203,1
E01009110,E00046255,1
E01009110,E00046254,1
E01009110,E00046206,1
E01009111,E00046197,1
E01009111,E00046190,1
E01009111,E00046200,1
E01009111,E00046210,1
E01009111,E00046199,1
E01009112,E00046215,1
E01009112,E00046213,1
E01009112,E00046208,1
E01009112,E00046191,1
E01009112,E00046193,1
E01009113,E00046207,1
E01009113,E00046217,1
E01009113,E00046204,1
E01009113,E00046211,1
E01009113,E00046209,1
E01009114,E00046205,1
E01009114,E00046192,1
E01009114,E00046214,1
E01009114,E00046216,1
E01009114,E00046218,1
E01009114,E00046219,1
E01009115,E00046195,1
E01009115,E00046220,1
E01009115,E00046222,1
E01009115,E00046194,1
E01009115,E00046221,1
E01009116,E00046224,1
E01009116,E00046229,1
E01009116,E00046228,1
E01009116,E00046233,1
E01009117,E00046226,1
E01009117,E00046236,1
E01009117,E00046196,1
E01009117,E00046231,1
E01009117,E00046234,1
E01009118,E00046225,1
E01009118,E00046201,1
E01009118,E00046237,1
E01009118,E00046242,1
E01009118,E00046189,1
E01009119,E00046223,1
E01009119,E00046245,1
E01009119,E00046239,1
E01009119,E00046227,1
E01009119,E00046238,1
E01009120,E00046230,1
E01009120,E00046240,1
E01009120,E00046244,1
E01009120,E00046232,1
E01009120,E00046235,1
E01009122,E00046271,1
E01009122,E00046340,1
E01009122,E00046261,1
E01009122,E00046279,1
E01009122,E00046273,1
E01009123,E00046285,1
E01009123,E00046265,1
E01009123,E00046287,1
E01009123,E00046300,1
E01009123,E00046289,1
E01009124,E00046295,1
E01009124,E00046292,1
E01009124,E00046288,1
E01009124,E00046291,1
E01009124,E00046290,1
E01009125,E00046298,1
E01009125,E00046266,1
E01009125,E00046293,1
E01009125,E00046296,1
E01009125,E00046299,1
E01009126,E00046297,1
E01009126,E00046294,1
E01009126,E00046302,1
E01009126,E00046301,1
E01009127,E00046310,1
E01009127,E00046303,1
E01009127,E00046307,1
E01009127,E00046305,1
E01009127,E00046308,1
E01009128,E00046312,1
E01009128,E00046311,1
E01009128,E00046304,1
E01009128,E00046306,1
E01009128,E00046309,1
E01009129,E00046319,1
E01009129,E00046325,1
E01009129,E00046315,1
E01009129,E00046316,1
E01009129,E00046321,1
E01009130,E00046322,1
E01009130,E00046313,1
E01009130,E00046329,1
E01009130,E00046335,1
E01009130,E00046317,1
E01009131,E00046326,1
E01009131,E00046320,1
E01009131,E00046314,1
E01009131,E00046318,1
E01009132,E00046338,1
E01009132,E00046339,1
E01009132,E00046333,1
E01009132,E00046327,1
E01009132,E00046324,1
E01009133,E00046334,1
E01009133,E00046328,1
E01009133,E00046260,1
E01009133,E00046332,1
E01009133,E00046323,1
E01009134,E00046336,1
E01009134,E00046337,1
E01009134,E00046331,1
E01009134,E00046341,1
E01009134,E00046262,1
E01009135,E00046268,1
E01009135,E00046263,1
E01009135,E00046267,1
E01009135,E00046277,1
E01009135,E00046330,1
E01009136,E00046276,1
E01009136,E00046270,1
E01009136,E00046272,1
E01009136,E00046343,1
E01009136,E00046342,1
E01009136,E00046269,1
E01009137,E00046275,1
E01009137,E00046281,1
E01009137,E00046278,1
E01009137,E00046280,1
E01009137,E00046274,1
E01009138,E00046369,1
E01009138,E00046363,1
E01009138,E00046354,1
E01009138,E00046372,1
E01009138,E00046384,1
E01009139,E00046376,1
E01009139,E00046362,1
E01009139,E00046380,1
E01009139,E00046364,1
E01009139,E00046365,1
E01009139,E00046359,1
E01009140,E00046366,1
E01009140,E00046347,1
E01009140,E00046360,1
E01009140,E00046378,1
E01009140,E00046348,1
E01009141,E00046349,1
E01009141,E00046425,1
E01009141,E00046383,1
E01009141,E00046368,1
E01009141,E00046371,1
E01009141,E00046426,1
E01009143,E00046374,1
E01009143,E00046381,1
E01009143,E00046386,1
E01009143,E00046405,1
E01009143,E00046400,1
E01009143,E00046387,1
E01009143,E00046404,1
E01009145,E00046373,1
E01009145,E00046428,1
E01009145,E00046361,1
E01009145,E00046403,1
E01009145,E00046382,1
E01009146,E00046389,1
E01009146,E00046379,1
E01009146,E00046407,1
E01009146,E00046408,1
E01009147,E00046402,1
E01009147,E00046406,1
E01009147,E00046388,1
E01009147,E00046392,1
E01009147,E00046396,1
E01009151,E00046430,1
E01009151,E00046424,1
E01009151,E00046413,1
E01009151,E00046420,1
E01009151,E00046416,1
E01009152,E00046419,1
E01009152,E00046417,1
E01009152,E00046421,1
E01009152,E00046429,1
E01009152,E00046414,1
E01009153,E00046423,1
E01009153,E00046352,1
E01009153,E00046418,1
E01009153,E00046353,1
E01009153,E00046422,1
E01009153,E00046427,1
E01009155,E00046519,1
E01009155,E00046515,1
E01009155,E00046520,1
E01009155,E00046512,1
E01009155,E00046507,1
E01009157,E00046518,1
E01009157,E00046510,1
E01009157,E00046513,1
E01009157,E00046531,1
E01009157,E00046509,1
E01009158,E00046445,1
E01009158,E00046506,1
E01009158,E00046504,1
E01009158,E00046501,1
E01009158,E00046500,1
E01009159,E00046441,1
E01009159,E00046434,1
E01009159,E00046448,1
E01009159,E00046451,1
E01009160,E00046508,1
E01009160,E00046436,1
E01009160,E00046446,1
E01009160,E00046444,1
E01009160,E00046447,1
E01009160,E00046435,1
E01009161,E00046525,1
E01009161,E00046523,1
E01009161,E00046522,1
E01009161,E00046524,1
E01009161,E00046528,1
E01009162,E00046502,1
E01009162,E00046443,1
E01009162,E00046442,1
E01009162,E00046505,1
E01009162,E00046503,1
E01009164,E00046464,1
E01009164,E00046470,1
E01009164,E00046466,1
E01009164,E00046440,1
E01009164,E00046483,1
E01009165,E00046453,1
E01009165,E00046450,1
E01009165,E00046438,1
E01009165,E00046462,1
E01009165,E00046454,1
E01009166,E00046457,1
E01009166,E00046458,1
E01009166,E00046469,1
E01009166,E00046478,1
E01009167,E00046459,1
E01009167,E00046455,1
E01009167,E00046456,1
E01009167,E00046452,1
E01009167,E00046449,1
E01009168,E00046461,1
E01009168,E00046472,1
E01009168,E00046480,1
E01009168,E00046476,1
E01009168,E00046471,1
E01009169,E00046460,1
E01009169,E00046468,1
E01009169,E00046474,1
E01009169,E00046437,1
E01009169,E00046477,1
E01009170,E00046431,1
E01009170,E00046463,1
E01009170,E00046465,1
E01009170,E00046439,1
E01009170,E00046481,1
E01009171,E00046486,1
E01009171,E00046485,1
E01009171,E00046484,1
E01009171,E00046475,1
E01009171,E00046487,1
E01009171,E00046473,1
E01009172,E00046489,1
E01009172,E00046492,1
E01009172,E00046495,1
E01009172,E00046491,1
E01009173,E00046494,1
E01009173,E00046496,1
E01009173,E00046497,1
E01009173,E00046493,1
E01009173,E00046490,1
E01009174,E00046530,1
E01009174,E00046529,1
E01009174,E00046514,1
E01009174,E00046517,1
E01009175,E00046603,1
E01009175,E00046538,1
E01009175,E00046545,1
E01009175,E00046544,1
E01009175,E00046543,1
E01009176,E00046602,1
E01009176,E00046605,1
E01009176,E00046580,1
E01009176,E00046584,1
E01009176,E00046593,1
E01009177,E00046606,1
E01009177,E00046604,1
E01009177,E00046539,1
E01009177,E00046601,1
E01009177,E00046599,1
E01009178,E00046592,1
E01009178,E00046600,1
E01009178,E00046596,1
E01009178,E00046542,1
E01009178,E00046540,1
E01009179,E00046547,1
E01009179,E00046550,1
E01009179,E00046546,1
E01009179,E00046548,1
E01009179,E00046549,1
E01009182,E00046555,1
E01009182,E00046558,1
E01009182,E00046557,1
E01009182,E00046559,1
E01009182,E00046560,1
E01009183,E00046562,1
E01009183,E00046571,1
E01009183,E00046565,1
E01009183,E00046561,1
E01009184,E00046566,1
E01009184,E00046564,1
E01009184,E00046563,1
E01009184,E00046576,1
E01009184,E00046570,1
E01009184,E00046569,1
E01009185,E00046574,1
E01009185,E00046577,1
E01009185,E00046586,1
E01009185,E00046575,1
E01009185,E00046578,1
E01009186,E00046573,1
E01009186,E00046536,1
E01009186,E00046567,1
E01009186,E00046572,1
E01009186,E00046537,1
E01009186,E00046595,1
E01009187,E00046568,1
E01009187,E00046581,1
E01009187,E00046579,1
E01009187,E00046585,1
E01009187,E00046582,1
E01009188,E00046583,1
E01009188,E00046587,1
E01009188,E00046589,1
E01009188,E00046591,1
E01009188,E00046588,1
E01009189,E00046590,1
E01009189,E00046594,1
E01009189,E00046597,1
E01009189,E00046598,1
E01009189,E00046541,1
E01009192,E00046641,1
E01009192,E00046635,1
E01009192,E00046625,1
E01009192,E00046676,1
E01009192,E00046624,1
E01009192,E00046619,1
E01009195,E00046639,1
E01009195,E00046642,1
E01009195,E00046634,1
E01009195,E00046621,1
E01009195,E00046633,1
E01009195,E00046613,1
E01009197,E00046614,1
E01009197,E00046657,1
E01009197,E00046644,1
E01009197,E00046647,1
E01009199,E00046656,1
E01009199,E00046653,1
E01009199,E00046616,1
E01009200,E00046660,1
E01009200,E00046654,1
E01009200,E00046658,1
E01009200,E00046659,1
E01009201,E00046669,1
E01009201,E00046667,1
E01009201,E00046607,1
E01009201,E00046666,1
E01009201,E00046663,1
E01009202,E00046661,1
E01009202,E00046664,1
E01009202,E00046617,1
E01009202,E00046665,1
E01009204,E00046622,1
E01009204,E00046636,1
E01009204,E00046609,1
E01009204,E00046628,1
E01009204,E00046612,1
E01009205,E00046728,1
E01009205,E00046735,1
E01009205,E00046738,1
E01009205,E00046743,1
E01009205,E00046746,1
E01009206,E00046749,1
E01009206,E00046739,1
E01009206,E00046744,1
E01009206,E00046740,1
E01009206,E00046753,1
E01009207,E00046745,1
E01009207,E00046679,1
E01009207,E00046741,1
E01009207,E00046748,1
E01009207,E00046757,1
E01009208,E00046689,1
E01009208,E00046695,1
E01009208,E00046690,1
E01009208,E00046751,1
E01009208,E00046684,1
E01009209,E00046756,1
E01009209,E00046758,1
E01009209,E00046755,1
E01009209,E00046692,1
E01009209,E00046687,1
E01009209,E00046696,1
E01009210,E00046747,1
E01009210,E00046693,1
E01009210,E00046685,1
E01009210,E00046754,1
E01009210,E00046688,1
E01009210,E00046691,1
E01009211,E00046680,1
E01009211,E00046686,1
E01009211,E00046681,1
E01009211,E00046752,1
E01009211,E00046750,1
E01009212,E00046705,1
E01009212,E00046709,1
E01009212,E00046716,1
E01009212,E00046714,1
E01009212,E00046704,1
E01009212,E00046697,1
E01009213,E00046706,1
E01009213,E00046702,1
E01009213,E00046700,1
E01009213,E00046703,1
E01009213,E00046710,1
E01009214,E00046683,1
E01009214,E00046682,1
E01009214,E00046694,1
E01009214,E00046707,1
E01009214,E00046698,1
E01009214,E00046699,1
E01009215,E00046717,1
E01009215,E00046701,1
E01009215,E00046712,1
E01009215,E00046708,1
E01009215,E00046718,1
E01009215,E00046713,1
E01009215,E00046715,1
E01009216,E00046711,1
E01009216,E00046720,1
E01009216,E00046721,1
E01009216,E00046722,1
E01009216,E00046725,1
E01009217,E00046723,1
E01009217,E00046719,1
E01009217,E00046678,1
E01009217,E00046724,1
E01009217,E00046726,1
E01009218,E00046729,1
E01009218,E00046727,1
E01009218,E00046731,1
E01009218,E00046732,1
E01009218,E00046730,1
E01009219,E00046742,1
E01009219,E00046734,1
E01009219,E00046737,1
E01009219,E00046736,1
E01009219,E00046733,1
E01009220,E00046792,1
E01009220,E00046788,1
E01009220,E00046800,1
E01009220,E00046805,1
E01009220,E00046797,1
E01009221,E00046798,1
E01009221,E00046801,1
E01009221,E00046759,1
E01009221,E00046804,1
E01009221,E00046793,1
E01009222,E00046803,1
E01009222,E00046802,1
E01009222,E00046799,1
E01009222,E00046796,1
E01009222,E00046794,1
E01009223,E00046763,1
E01009223,E00046806,1
E01009223,E00046810,1
E01009223,E00046812,1
E01009223,E00046808,1
E01009224,E00046814,1
E01009224,E00046813,1
E01009224,E00046809,1
E01009224,E00046807,1
E01009224,E00046811,1
E01009225,E00046768,1
E01009225,E00046821,1
E01009225,E00046825,1
E01009225,E00046822,1
E01009225,E00046815,1
E01009225,E00046817,1
E01009226,E00046820,1
E01009226,E00046819,1
E01009226,E00046818,1
E01009226,E00046816,1
E01009226,E00046823,1
E01009227,E00046777,1
E01009227,E00046776,1
E01009227,E00046766,1
E01009227,E00046761,1
E01009227,E00046827,1
E01009228,E00046829,1
E01009228,E00046824,1
E01009228,E00046828,1
E01009228,E00046765,1
E01009228,E00046830,1
E01009229,E00046772,1
E01009229,E00046771,1
E01009229,E00046769,1
E01009229,E00046764,1
E01009229,E00046762,1
E01009230,E00046770,1
E01009230,E00046774,1
E01009230,E00046767,1
E01009230,E00046760,1
E01009230,E00046826,1
E01009231,E00046779,1
E01009231,E00046773,1
E01009231,E00046785,1
E01009231,E00046781,1
E01009231,E00046778,1
E01009231,E00046775,1
E01009232,E00046782,1
E01009232,E00046786,1
E01009232,E00046784,1
E01009232,E00046780,1
E01009232,E00046783,1
E01009233,E00046789,1
E01009233,E00046795,1
E01009233,E00046791,1
E01009233,E00046787,1
E01009233,E00046790,1
E01009234,E00046849,1
E01009234,E00046843,1
E01009234,E00046851,1
E01009234,E00046854,1
E01009234,E00046847,1
E01009235,E00046904,1
E01009235,E00046846,1
E01009235,E00046841,1
E01009235,E00046902,1
E01009235,E00046898,1
E01009236,E00046837,1
E01009236,E00046833,1
E01009236,E00046832,1
E01009236,E00046840,1
E01009236,E00046890,1
E01009237,E00046845,1
E01009237,E00046858,1
E01009237,E00046861,1
E01009237,E00046850,1
E01009237,E00046852,1
E01009238,E00046853,1
E01009238,E00046903,1
E01009238,E00046838,1
E01009238,E00046848,1
E01009238,E00046857,1
E01009239,E00046870,1
E01009239,E00046855,1
E01009239,E00046835,1
E01009239,E00046872,1
E01009240,E00046863,1
E01009240,E00046834,1
E01009240,E00046862,1
E01009240,E00046864,1
E01009240,E00046859,1
E01009241,E00046865,1
E01009241,E00046856,1
E01009241,E00046860,1
E01009241,E00046868,1
E01009241,E00046866,1
E01009242,E00046874,1
E01009242,E00046871,1
E01009242,E00046873,1
E01009242,E00046869,1
E01009242,E00046867,1
E01009243,E00046894,1
E01009243,E00046887,1
E01009243,E00046878,1
E01009243,E00046875,1
E01009243,E00046836,1
E01009244,E00046839,1
E01009244,E00046882,1
E01009244,E00046831,1
E01009244,E00046886,1
E01009244,E00046900,1
E01009245,E00046893,1
E01009245,E00046881,1
E01009245,E00046876,1
E01009245,E00046877,1
E01009245,E00046880,1
E01009246,E00046892,1
E01009246,E00046889,1
E01009246,E00046879,1
E01009246,E00046883,1
E01009246,E00046885,1
E01009247,E00046897,1
E01009247,E00046888,1
E01009247,E00046899,1
E01009247,E00046896,1
E01009247,E00046895,1
E01009248,E00046842,1
E01009248,E00046901,1
E01009248,E00046884,1
E01009248,E00046891,1
E01009248,E00046844,1
E01009249,E00046928,1
E01009249,E00046936,1
E01009249,E00046937,1
E01009249,E00046945,1
E01009249,E00046946,1
E01009250,E00046923,1
E01009250,E00046935,1
E01009250,E00046905,1
E01009250,E00046940,1
E01009250,E00046955,1
E01009251,E00046925,1
E01009251,E00046920,1
E01009251,E00046913,1
E01009251,E00046924,1
E01009251,E00046922,1
E01009252,E00046917,1
E01009252,E00046911,1
E01009252,E00046919,1
E01009252,E00046926,1
E01009252,E00046918,1
E01009253,E00046916,1
E01009253,E00046929,1
E01009253,E00046927,1
E01009253,E00046943,1
E01009253,E00046938,1
E01009254,E00046909,1
E01009254,E00046921,1
E01009254,E00046930,1
E01009254,E00046932,1
E01009254,E00046914,1
E01009254,E00046933,1
E01009255,E00046948,1
E01009255,E00046958,1
E01009255,E00046961,1
E01009255,E00046951,1
E01009255,E00046952,1
E01009256,E00046931,1
E01009256,E00046941,1
E01009256,E00046950,1
E01009256,E00046939,1
E01009256,E00046942,1
E01009257,E00046944,1
E01009257,E00046949,1
E01009257,E00046947,1
E01009257,E00046906,1
E01009257,E00046954,1
E01009258,E00046965,1
E01009258,E00046953,1
E01009258,E00046956,1
E01009258,E00046966,1
E01009258,E00046964,1
E01009259,E00046957,1
E01009259,E00046960,1
E01009259,E00046963,1
E01009259,E00046907,1
E01009259,E00046962,1
E01009259,E00046959,1
E01009260,E00046970,1
E01009260,E00046968,1
E01009260,E00046967,1
E01009260,E00046912,1
E01009260,E00046969,1
E01009261,E00046971,1
E01009261,E00046908,1
E01009261,E00046934,1
E01009261,E00046910,1
E01009261,E00046915,1
E01009262,E00047008,1
E01009262,E00047012,1
E01009262,E00047007,1
E01009262,E00046979,1
E01009263,E00047021,1
E01009263,E00047016,1
E01009263,E00047014,1
E01009263,E00047019,1
E01009263,E00047026,1
E01009264,E00046972,1
E01009264,E00047011,1
E01009264,E00047005,1
E01009264,E00047017,1
E01009264,E00047018,1
E01009264,E00047023,1
E01009264,E00047046,1
E01009264,E00047029,1
E01009265,E00047035,1
E01009265,E00047041,1
E01009265,E00047025,1
E01009265,E00047022,1
E01009266,E00047020,1
E01009266,E00047034,1
E01009266,E00047045,1
E01009266,E00047032,1
E01009266,E00047028,1
E01009267,E00047010,1
E01009267,E00047006,1
E01009267,E00047013,1
E01009267,E00047009,1
E01009267,E00047001,1
E01009268,E00047030,1
E01009268,E00047027,1
E01009268,E00047031,1
E01009268,E00047040,1
E01009269,E00047039,1
E01009269,E00047036,1
E01009269,E00047033,1
E01009269,E00047015,1
E01009270,E00047051,1
E01009270,E00047055,1
E01009270,E00047054,1
E01009270,E00046976,1
E01009270,E00047048,1
E01009271,E00047050,1
E01009271,E00047042,1
E01009271,E00047038,1
E01009271,E00047047,1
E01009271,E00047044,1
E01009272,E00046974,1
E01009272,E00046973,1
E01009272,E00046997,1
E01009272,E00047024,1
E01009272,E00047037,1
E01009273,E00046977,1
E01009273,E00046975,1
E01009273,E00047052,1
E01009273,E00047049,1
E01009274,E00046983,1
E01009274,E00047043,1
E01009274,E00046982,1
E01009274,E00047053,1
E01009274,E00046980,1
E01009275,E00046985,1
E01009275,E00046986,1
E01009275,E00046981,1
E01009275,E00046984,1
E01009276,E00046991,1
E01009276,E00046988,1
E01009276,E00046987,1
E01009276,E00046978,1
E01009276,E00046989,1
E01009278,E00047003,1
E01009278,E00046990,1
E01009278,E00047002,1
E01009278,E00046998,1
E01009279,E00046993,1
E01009279,E00047000,1
E01009279,E00046995,1
E01009279,E00046994,1
E01009280,E00047088,1
E01009280,E00047087,1
E01009280,E00047086,1
E01009280,E00047095,1
E01009281,E00047098,1
E01009281,E00047084,1
E01009281,E00047100,1
E01009281,E00047103,1
E01009281,E00047102,1
E01009282,E00047093,1
E01009282,E00047097,1
E01009282,E00047099,1
E01009282,E00047101,1
E01009282,E00047085,1
E01009283,E00047107,1
E01009283,E00047104,1
E01009283,E00047056,1
E01009283,E00047112,1
E01009283,E00047120,1
E01009284,E00047132,1
E01009284,E00047135,1
E01009284,E00047077,1
E01009284,E00047068,1
E01009284,E00047064,1
E01009286,E00047067,1
E01009286,E00047063,1
E01009286,E00047060,1
E01009286,E00047121,1
E01009286,E00047124,1
E01009288,E00047105,1
E01009288,E00047110,1
E01009288,E00047113,1
E01009288,E00047129,1
E01009289,E00047122,1
E01009289,E00047117,1
E01009289,E00047057,1
E01009289,E00047131,1
E01009290,E00047133,1
E01009290,E00047058,1
E01009290,E00047076,1
E01009290,E00047074,1
E01009291,E00047128,1
E01009291,E00047130,1
E01009291,E00047118,1
E01009291,E00047123,1
E01009291,E00047134,1
E01009292,E00047071,1
E01009292,E00047062,1
E01009292,E00047070,1
E01009292,E00047119,1
E01009292,E00047127,1
E01009293,E00047061,1
E01009293,E00047080,1
E01009293,E00047091,1
E01009293,E00047090,1
E01009293,E00047092,1
E01009294,E00047083,1
E01009294,E00047096,1
E01009294,E00047094,1
E01009294,E00047126,1
E01009294,E00047082,1
E01009294,E00047089,1
E01009295,E00047081,1
E01009295,E00047075,1
E01009295,E00047072,1
E01009295,E00047059,1
E01009295,E00047066,1
E01009296,E00047069,1
E01009296,E00047065,1
E01009296,E00047079,1
E01009296,E00047078,1
E01009296,E00047073,1
E01009297,E00047138,1
E01009297,E00047215,1
E01009297,E00047152,1
E01009297,E00047216,1
E01009297,E00047136,1
E01009298,E00047137,1
E01009298,E00047157,1
E01009298,E00047151,1
E01009298,E00047156,1
E01009298,E00047155,1
E01009299,E00047163,1
E01009299,E00047160,1
E01009299,E00047159,1
E01009299,E00047162,1
E01009299,E00047164,1
E01009300,E00047158,1
E01009300,E00047149,1
E01009300,E00047218,1
E01009300,E00047153,1
E01009300,E00047148,1
E01009300,E00047150,1
E01009301,E00047140,1
E01009301,E00047167,1
E01009301,E00047168,1
E01009301,E00047165,1
E01009301,E00047161,1
E01009301,E00047169,1
E01009302,E00047174,1
E01009302,E00047176,1
E01009302,E00047143,1
E01009302,E00047172,1
E01009302,E00047170,1
E01009303,E00047171,1
E01009303,E00047141,1
E01009303,E00047142,1
E01009303,E00047173,1
E01009303,E00047175,1
E01009303,E00047166,1
E01009304,E00047182,1
E01009304,E00047199,1
E01009304,E00047189,1
E01009304,E00047178,1
E01009304,E00047187,1
E01009304,E00047185,1
E01009305,E00047200,1
E01009305,E00047181,1
E01009305,E00047191,1
E01009305,E00047179,1
E01009305,E00047177,1
E01009305,E00047144,1
E01009306,E00047214,1
E01009306,E00047213,1
E01009306,E00047209,1
E01009306,E00047205,1
E01009306,E00047211,1
E01009307,E00047192,1
E01009307,E00047180,1
E01009307,E00047184,1
E01009307,E00047146,1
E01009307,E00047198,1
E01009307,E00047188,1
E01009308,E00047204,1
E01009308,E00047145,1
E01009308,E00047196,1
E01009308,E00047186,1
E01009308,E00047194,1
E01009308,E00047210,1
E01009309,E00047206,1
E01009309,E00047197,1
E01009309,E00047190,1
E01009309,E00047203,1
E01009309,E00047212,1
E01009309,E00047207,1
E01009310,E00047201,1
E01009310,E00047195,1
E01009310,E00047193,1
E01009310,E00047183,1
E01009310,E00047202,1
E01009310,E00047208,1
E01009311,E00047139,1
E01009311,E00047217,1
E01009311,E00047147,1
E01009311,E00047219,1
E01009311,E00047154,1
E01009312,E00047274,1
E01009312,E00047271,1
E01009312,E00047270,1
E01009312,E00047265,1
E01009312,E00047269,1
E01009313,E00047275,1
E01009313,E00047283,1
E01009313,E00047280,1
E01009313,E00047286,1
E01009313,E00047223,1
E01009314,E00047279,1
E01009314,E00047268,1
E01009314,E00047267,1
E01009314,E00047282,1
E01009314,E00047277,1
E01009315,E00047281,1
E01009315,E00047227,1
E01009315,E00047285,1
E01009315,E00047234,1
E01009315,E00047221,1
E01009315,E00047233,1
E01009316,E00047224,1
E01009316,E00047284,1
E01009316,E00047287,1
E01009316,E00047288,1
E01009316,E00047226,1
E01009317,E00047220,1
E01009317,E00047273,1
E01009317,E00047278,1
E01009317,E00047276,1
E01009317,E00047230,1
E01009317,E00047264,1
E01009318,E00047235,1
E01009318,E00047236,1
E01009318,E00047231,1
E01009318,E00047229,1
E01009318,E00047222,1
E01009319,E00047225,1
E01009319,E00047238,1
E01009319,E00047241,1
E01009319,E00047232,1
E01009319,E00047228,1
E01009320,E00047242,1
E01009320,E00047240,1
E01009320,E00047239,1
E01009320,E00047243,1
E01009320,E00047237,1
E01009321,E00047257,1
E01009321,E00047244,1
E01009321,E00047262,1
E01009321,E00047249,1
E01009321,E00047255,1
E01009321,E00047250,1
E01009322,E00047246,1
E01009322,E00047252,1
E01009322,E00047247,1
E01009322,E00047256,1
E01009322,E00047245,1
E01009323,E00047266,1
E01009323,E00047272,1
E01009323,E00047253,1
E01009323,E00047248,1
E01009323,E00047261,1
E01009324,E00047263,1
E01009324,E00047254,1
E01009324,E00047251,1
E01009324,E00047260,1
E01009324,E00047259,1
E01009324,E00047258,1
E01009325,E00047367,1
E01009325,E00047298,1
E01009325,E00047366,1
E01009325,E00047309,1
E01009326,E00047306,1
E01009326,E00047359,1
E01009326,E00047300,1
E01009326,E00047319,1
E01009327,E00047293,1
E01009327,E00047365,1
E01009327,E00047363,1
E01009327,E00047362,1
E01009328,E00047368,1
E01009328,E00047294,1
E01009328,E00047371,1
E01009328,E00047361,1
E01009328,E00047292,1
E01009329,E00047311,1
E01009329,E00047302,1
E01009329,E00047301,1
E01009329,E00047295,1
E01009329,E00047297,1
E01009331,E00047360,1
E01009331,E00047291,1
E01009331,E00047342,1
E01009331,E00047339,1
E01009331,E00047351,1
E01009332,E00047355,1
E01009332,E00047290,1
E01009332,E00047357,1
E01009332,E00047346,1
E01009333,E00047354,1
E01009333,E00047289,1
E01009333,E00047350,1
E01009333,E00047343,1
E01009334,E00047312,1
E01009334,E00047304,1
E01009334,E00047299,1
E01009334,E00047303,1
E01009335,E00047315,1
E01009335,E00047307,1
E01009335,E00047296,1
E01009335,E00047313,1
E01009337,E00047318,1
E01009337,E00047317,1
E01009337,E00047323,1
E01009337,E00047310,1
E01009338,E00047324,1
E01009338,E00047320,1
E01009338,E00047316,1
E01009338,E00047321,1
E01009339,E00047327,1
E01009339,E00047328,1
E01009339,E00047325,1
E01009339,E00047322,1
E01009341,E00047334,1
E01009341,E00047349,1
E01009341,E00047347,1
E01009341,E00047335,1
E01009342,E00047352,1
E01009342,E00047336,1
E01009342,E00047338,1
E01009343,E00047348,1
E01009343,E00047340,1
E01009343,E00047341,1
E01009343,E00047337,1
E01009344,E00047364,1
E01009344,E00047344,1
E01009344,E00047345,1
E01009344,E00047353,1
E01009345,E00047402,1
E01009345,E00047395,1
E01009345,E00047397,1
E01009346,E00047401,1
E01009346,E00047394,1
E01009346,E00047398,1
E01009346,E00047400,1
E01009347,E00047391,1
E01009347,E00047390,1
E01009347,E00047396,1
E01009347,E00047373,1
E01009347,E00047399,1
E01009348,E00047381,1
E01009348,E00047392,1
E01009348,E00047393,1
E01009348,E00047403,1
E01009348,E00047389,1
E01009349,E00047405,1
E01009349,E00047374,1
E01009349,E00047427,1
E01009349,E00047416,1
E01009350,E00047404,1
E01009350,E00047406,1
E01009350,E00047375,1
E01009350,E00047413,1
E01009351,E00047407,1
E01009351,E00047420,1
E01009351,E00047409,1
E01009351,E00047426,1
E01009352,E00047408,1
E01009352,E00047414,1
E01009352,E00047376,1
E01009352,E00047423,1
E01009353,E00047410,1
E01009353,E00047425,1
E01009353,E00047411,1
E01009353,E00047415,1
E01009354,E00047419,1
E01009354,E00047412,1
E01009354,E00047430,1
E01009354,E00047428,1
E01009355,E00047432,1
E01009355,E00047422,1
E01009355,E00047421,1
E01009355,E00047417,1
E01009355,E00047424,1
E01009358,E00047382,1
E01009358,E00047436,1
E01009358,E00047443,1
E01009358,E00047380,1
E01009359,E00047439,1
E01009359,E00047442,1
E01009359,E00047435,1
E01009359,E00047440,1
E01009359,E00047431,1
E01009360,E00047384,1
E01009360,E00047445,1
E01009360,E00047372,1
E01009360,E00047444,1
E01009360,E00047386,1
E01009361,E00047379,1
E01009361,E00047388,1
E01009361,E00047383,1
E01009361,E00047387,1
E01009361,E00047385,1
E01009362,E00047469,1
E01009362,E00047475,1
E01009362,E00047472,1
E01009363,E00047447,1
E01009363,E00047449,1
E01009363,E00047470,1
E01009364,E00047463,1
E01009364,E00047448,1
E01009364,E00047473,1
E01009365,E00047480,1
E01009365,E00047474,1
E01009365,E00047471,1
E01009365,E00047450,1
E01009366,E00047476,1
E01009366,E00047497,1
E01009366,E00047485,1
E01009366,E00047454,1
E01009367,E00047477,1
E01009367,E00047492,1
E01009367,E00047493,1
E01009367,E00047494,1
E01009368,E00047481,1
E01009368,E00047453,1
E01009368,E00047482,1
E01009368,E00047484,1
E01009371,E00047498,1
E01009371,E00047502,1
E01009371,E00047457,1
E01009371,E00047483,1
E01009371,E00047509,1
E01009372,E00047489,1
E01009372,E00047496,1
E01009372,E00047501,1
E01009372,E00047503,1
E01009372,E00047514,1
E01009373,E00047495,1
E01009373,E00047504,1
E01009373,E00047500,1
E01009373,E00047508,1
E01009373,E00047510,1
E01009374,E00047452,1
E01009374,E00047456,1
E01009374,E00047512,1
E01009375,E00047505,1
E01009375,E00047506,1
E01009375,E00047455,1
E01009375,E00047499,1
E01009376,E00047511,1
E01009376,E00047515,1
E01009376,E00047507,1
E01009376,E00047458,1
E01009377,E00047518,1
E01009377,E00047513,1
E01009377,E00047517,1
E01009377,E00047516,1
E01009379,E00047460,1
E01009379,E00047520,1
E01009379,E00047519,1
E01009379,E00047446,1
E01009380,E00047466,1
E01009380,E00047464,1
E01009380,E00047461,1
E01009380,E00047465,1
E01009382,E00047535,1
E01009382,E00047581,1
E01009382,E00047572,1
E01009382,E00047575,1
E01009383,E00047569,1
E01009383,E00047580,1
E01009383,E00047596,1
E01009384,E00047568,1
E01009384,E00047574,1
E01009384,E00047527,1
E01009384,E00047531,1
E01009384,E00047583,1
E01009385,E00047598,1
E01009385,E00047595,1
E01009385,E00047577,1
E01009385,E00047591,1
E01009389,E00047590,1
E01009389,E00047585,1
E01009389,E00047582,1
E01009389,E00047588,1
E01009390,E00047532,1
E01009390,E00047536,1
E01009390,E00047589,1
E01009390,E00047545,1
E01009391,E00047592,1
E01009391,E00047594,1
E01009391,E00047534,1
E01009391,E00047593,1
E01009392,E00047540,1
E01009392,E00047539,1
E01009392,E00047597,1
E01009392,E00047533,1
E01009393,E00047548,1
E01009393,E00047543,1
E01009393,E00047541,1
E01009393,E00047537,1
E01009394,E00047544,1
E01009394,E00047542,1
E01009394,E00047538,1
E01009394,E00047546,1
E01009394,E00047549,1
E01009395,E00047547,1
E01009395,E00047551,1
E01009395,E00047550,1
E01009395,E00047552,1
E01009396,E00047553,1
E01009396,E00047562,1
E01009396,E00047563,1
E01009396,E00047557,1
E01009396,E00047554,1
E01009397,E00047522,1
E01009397,E00047521,1
E01009397,E00047555,1
E01009397,E00047560,1
E01009397,E00047523,1
E01009399,E00047565,1
E01009399,E00047571,1
E01009399,E00047564,1
E01009399,E00047558,1
E01009400,E00047647,1
E01009400,E00047648,1
E01009400,E00047646,1
E01009400,E00047650,1
E01009400,E00047642,1
E01009401,E00047644,1
E01009401,E00047652,1
E01009401,E00047651,1
E01009401,E00047653,1
E01009401,E00047649,1
E01009403,E00047658,1
E01009403,E00047600,1
E01009403,E00047660,1
E01009403,E00047654,1
E01009403,E00047655,1
E01009404,E00047661,1
E01009404,E00047656,1
E01009404,E00047659,1
E01009404,E00047663,1
E01009404,E00047665,1
E01009405,E00047662,1
E01009405,E00047668,1
E01009405,E00047667,1
E01009405,E00047610,1
E01009405,E00047671,1
E01009406,E00047657,1
E01009406,E00047601,1
E01009406,E00047664,1
E01009406,E00047666,1
E01009406,E00047675,1
E01009406,E00047670,1
E01009407,E00047669,1
E01009407,E00047673,1
E01009407,E00047608,1
E01009407,E00047602,1
E01009407,E00047672,1
E01009408,E00047607,1
E01009408,E00047606,1
E01009408,E00047604,1
E01009408,E00047677,1
E01009408,E00047674,1
E01009409,E00047623,1
E01009409,E00047611,1
E01009409,E00047605,1
E01009409,E00047676,1
E01009409,E00047612,1
E01009410,E00047609,1
E01009410,E00047603,1
E01009410,E00047617,1
E01009410,E00047614,1
E01009410,E00047616,1
E01009410,E00047620,1
E01009411,E00047633,1
E01009411,E00047628,1
E01009411,E00047636,1
E01009411,E00047619,1
E01009411,E00047625,1
E01009411,E00047626,1
E01009412,E00047621,1
E01009412,E00047629,1
E01009412,E00047632,1
E01009412,E00047618,1
E01009412,E00047624,1
E01009413,E00047599,1
E01009413,E00047639,1
E01009413,E00047637,1
E01009413,E00047643,1
E01009413,E00047645,1
E01009414,E00047627,1
E01009414,E00047641,1
E01009414,E00047638,1
E01009414,E00047631,1
E01009414,E00047634,1
E01009415,E00047696,1
E01009415,E00047684,1
E01009415,E00047774,1
E01009415,E00047692,1
E01009415,E00047770,1
E01009416,E00047695,1
E01009416,E00047693,1
E01009416,E00047699,1
E01009416,E00047715,1
E01009416,E00047706,1
E01009417,E00047708,1
E01009417,E00047681,1
E01009417,E00047703,1
E01009417,E00047688,1
E01009417,E00047687,1
E01009418,E00047773,1
E01009418,E00047776,1
E01009418,E00047768,1
E01009418,E00047690,1
E01009418,E00047680,1
E01009419,E00047767,1
E01009419,E00047772,1
E01009419,E00047775,1
E01009419,E00047769,1
E01009419,E00047771,1
E01009420,E00047716,1
E01009420,E00047711,1
E01009420,E00047694,1
E01009420,E00047698,1
E01009420,E00047700,1
E01009421,E00047691,1
E01009421,E00047685,1
E01009421,E00047682,1
E01009421,E00047702,1
E01009421,E00047709,1
E01009422,E00047718,1
E01009422,E00047713,1
E01009422,E00047705,1
E01009422,E00047717,1
E01009422,E00047714,1
E01009422,E00047689,1
E01009423,E00047720,1
E01009423,E00047697,1
E01009423,E00047722,1
E01009423,E00047686,1
E01009423,E00047710,1
E01009423,E00047704,1
E01009424,E00047759,1
E01009424,E00047754,1
E01009424,E00047758,1
E01009424,E00047753,1
E01009424,E00047760,1
E01009425,E00047730,1
E01009425,E00047725,1
E01009425,E00047726,1
E01009425,E00047712,1
E01009425,E00047701,1
E01009425,E00047707,1
E01009426,E00047721,1
E01009426,E00047719,1
E01009426,E00047734,1
E01009426,E00047723,1
E01009426,E00047729,1
E01009427,E00047749,1
E01009427,E00047739,1
E01009427,E00047731,1
E01009427,E00047745,1
E01009427,E00047742,1
E01009427,E00047741,1
E01009428,E00047752,1
E01009428,E00047750,1
E01009428,E00047748,1
E01009428,E00047746,1
E01009428,E00047743,1
E01009429,E00047733,1
E01009429,E00047724,1
E01009429,E00047727,1
E01009429,E00047737,1
E01009429,E00047732,1
E01009430,E00047756,1
E01009430,E00047751,1
E01009430,E00047747,1
E01009430,E00047683,1
E01009430,E00047735,1
E01009431,E00047744,1
E01009431,E00047738,1
E01009431,E00047728,1
E01009431,E00047740,1
E01009431,E00047736,1
E01009432,E00047755,1
E01009432,E00047761,1
E01009432,E00047678,1
E01009432,E00047762,1
E01009432,E00047757,1
E01009433,E00047763,1
E01009433,E00047765,1
E01009433,E00047764,1
E01009433,E00047679,1
E01009433,E00047766,1
E01009434,E00047823,1
E01009434,E00047820,1
E01009434,E00047819,1
E01009434,E00047818,1
E01009434,E00047821,1
E01009435,E00047807,1
E01009435,E00047795,1
E01009435,E00047779,1
E01009435,E00047811,1
E01009435,E00047778,1
E01009436,E00047826,1
E01009436,E00047829,1
E01009436,E00047833,1
E01009436,E00047824,1
E01009437,E00047817,1
E01009437,E00047828,1
E01009437,E00047834,1
E01009437,E00047822,1
E01009437,E00047825,1
E01009438,E00047827,1
E01009438,E00047830,1
E01009438,E00047837,1
E01009438,E00047832,1
E01009438,E00047836,1
E01009439,E00047838,1
E01009439,E00047855,1
E01009439,E00047841,1
E01009439,E00047853,1
E01009439,E00047831,1
E01009440,E00047842,1
E01009440,E00047780,1
E01009440,E00047835,1
E01009440,E00047839,1
E01009440,E00047840,1
E01009441,E00047854,1
E01009441,E00047781,1
E01009441,E00047857,1
E01009441,E00047847,1
E01009441,E00047851,1
E01009442,E00047848,1
E01009442,E00047856,1
E01009442,E00047844,1
E01009442,E00047852,1
E01009442,E00047845,1
E01009443,E00047843,1
E01009443,E00047850,1
E01009443,E00047849,1
E01009443,E00047846,1
E01009444,E00047868,1
E01009444,E00047865,1
E01009444,E00047863,1
E01009444,E00047858,1
E01009444,E00047861,1
E01009445,E00047867,1
E01009445,E00047871,1
E01009445,E00047869,1
E01009445,E00047875,1
E01009445,E00047877,1
E01009446,E00047859,1
E01009446,E00047864,1
E01009446,E00047862,1
E01009446,E00047860,1
E01009446,E00047783,1
E01009446,E00047870,1
E01009447,E00047866,1
E01009447,E00047883,1
E01009447,E00047876,1
E01009447,E00047874,1
E01009447,E00047873,1
E01009448,E00047782,1
E01009448,E00047886,1
E01009448,E00047872,1
E01009448,E00047878,1
E01009448,E00047885,1
E01009449,E00047810,1
E01009449,E00047879,1
E01009449,E00047793,1
E01009449,E00047790,1
E01009449,E00047880,1
E01009449,E00047787,1
E01009450,E00047803,1
E01009450,E00047784,1
E01009450,E00047882,1
E01009450,E00047804,1
E01009450,E00047792,1
E01009451,E00047802,1
E01009451,E00047777,1
E01009451,E00047797,1
E01009451,E00047789,1
E01009451,E00047791,1
E01009452,E00047881,1
E01009452,E00047785,1
E01009452,E00047884,1
E01009452,E00047794,1
E01009452,E00047796,1
E01009453,E00047808,1
E01009453,E00047816,1
E01009453,E00047815,1
E01009453,E00047806,1
E01009454,E00047786,1
E01009454,E00047809,1
E01009454,E00047801,1
E01009454,E00047799,1
E01009454,E00047812,1
E01009455,E00047800,1
E01009455,E00047788,1
E01009455,E00047813,1
E01009455,E00047805,1
E01009455,E00047798,1
E01009455,E00047814,1
E01009456,E00047940,1
E01009456,E00047943,1
E01009456,E00047944,1
E01009456,E00047925,1
E01009456,E00047936,1
E01009457,E00047930,1
E01009457,E00047934,1
E01009457,E00047916,1
E01009457,E00047935,1
E01009457,E00047918,1
E01009458,E00047889,1
E01009458,E00047950,1
E01009458,E00047949,1
E01009458,E00047946,1
E01009458,E00047941,1
E01009459,E00047942,1
E01009459,E00047939,1
E01009459,E00047951,1
E01009459,E00047945,1
E01009459,E00047948,1
E01009460,E00047957,1
E01009460,E00047956,1
E01009460,E00047967,1
E01009460,E00047954,1
E01009460,E00047960,1
E01009460,E00047947,1
E01009461,E00047971,1
E01009461,E00047966,1
E01009461,E00047970,1
E01009461,E00047964,1
E01009462,E00047968,1
E01009462,E00047955,1
E01009462,E00047963,1
E01009462,E00047959,1
E01009462,E00047958,1
E01009462,E00047965,1
E01009463,E00047969,1
E01009463,E00047961,1
E01009463,E00047962,1
E01009463,E00047952,1
E01009463,E00047953,1
E01009464,E00047975,1
E01009464,E00047972,1
E01009464,E00047977,1
E01009464,E00047976,1
E01009464,E00047974,1
E01009465,E00047891,1
E01009465,E00047979,1
E01009465,E00047980,1
E01009465,E00047973,1
E01009466,E00047928,1
E01009466,E00047917,1
E01009466,E00047894,1
E01009466,E00047913,1
E01009466,E00047924,1
E01009467,E00047896,1
E01009467,E00047905,1
E01009467,E00047893,1
E01009467,E00047895,1
E01009467,E00047978,1
E01009468,E00047914,1
E01009468,E00047897,1
E01009468,E00047908,1
E01009468,E00047890,1
E01009468,E00047900,1
E01009469,E00047909,1
E01009469,E00047892,1
E01009469,E00047907,1
E01009469,E00047903,1
E01009469,E00047906,1
E01009470,E00047911,1
E01009470,E00047904,1
E01009470,E00047899,1
E01009470,E00047910,1
E01009471,E00047915,1
E01009471,E00047901,1
E01009471,E00047902,1
E01009471,E00047898,1
E01009471,E00047927,1
E01009472,E00047938,1
E01009472,E00047931,1
E01009472,E00047919,1
E01009472,E00047926,1
E01009472,E00047912,1
E01009473,E00047920,1
E01009473,E00047922,1
E01009473,E00047932,1
E01009473,E00047888,1
E01009473,E00047887,1
E01009474,E00047937,1
E01009474,E00047921,1
E01009474,E00047933,1
E01009474,E00047929,1
E01009474,E00047923,1
E01009475,E00048049,1
E01009475,E00048054,1
E01009475,E00048053,1
E01009475,E00048051,1
E01009475,E00048052,1
E01009476,E00048047,1
E01009476,E00048048,1
E01009476,E00047981,1
E01009476,E00047985,1
E01009477,E00048045,1
E01009477,E00048055,1
E01009477,E00048056,1
E01009477,E00048050,1
E01009478,E00047992,1
E01009478,E00048001,1
E01009478,E00047993,1
E01009478,E00047982,1
E01009478,E00047990,1
E01009479,E00047998,1
E01009479,E00047986,1
E01009479,E00047983,1
E01009479,E00048000,1
E01009480,E00047989,1
E01009480,E00047987,1
E01009480,E00047991,1
E01009480,E00047988,1
E01009481,E00047984,1
E01009481,E00048002,1
E01009481,E00048004,1
E01009481,E00048005,1
E01009481,E00048009,1
E01009482,E00047996,1
E01009482,E00048013,1
E01009482,E00048003,1
E01009482,E00047999,1
E01009483,E00047994,1
E01009483,E00048025,1
E01009483,E00048020,1
E01009483,E00048021,1
E01009484,E00048006,1
E01009484,E00048012,1
E01009484,E00048008,1
E01009484,E00047995,1
E01009485,E00048019,1
E01009485,E00048026,1
E01009485,E00048028,1
E01009485,E00048014,1
E01009486,E00048011,1
E01009486,E00048010,1
E01009486,E00048018,1
E01009486,E00048017,1
E01009487,E00048022,1
E01009487,E00048016,1
E01009487,E00048007,1
E01009487,E00048027,1
E01009488,E00047997,1
E01009488,E00048042,1
E01009488,E00048038,1
E01009488,E00048040,1
E01009488,E00048030,1
E01009489,E00048023,1
E01009489,E00048015,1
E01009489,E00048024,1
E01009489,E00048031,1
E01009490,E00048032,1
E01009490,E00048046,1
E01009490,E00048029,1
E01009490,E00048039,1
E01009491,E00048036,1
E01009491,E00048037,1
E01009491,E00048034,1
E01009491,E00048033,1
E01009492,E00048043,1
E01009492,E00048044,1
E01009492,E00048035,1
E01009492,E00048041,1
E01009493,E00048064,1
E01009493,E00048126,1
E01009493,E00048063,1
E01009493,E00048062,1
E01009493,E00048072,1
E01009493,E00048073,1
E01009494,E00048124,1
E01009494,E00048070,1
E01009494,E00048060,1
E01009494,E00048125,1
E01009494,E00048077,1
E01009495,E00048068,1
E01009495,E00048061,1
E01009495,E00048066,1
E01009495,E00048067,1
E01009495,E00048075,1
E01009496,E00048071,1
E01009496,E00048078,1
E01009496,E00048079,1
E01009496,E00048081,1
E01009496,E00048074,1
E01009497,E00048084,1
E01009497,E00048083,1
E01009497,E00048080,1
E01009497,E00048076,1
E01009497,E00048082,1
E01009498,E00048059,1
E01009498,E00048087,1
E01009498,E00048088,1
E01009498,E00048089,1
E01009498,E00048086,1
E01009498,E00048085,1
E01009499,E00048090,1
E01009499,E00048094,1
E01009499,E00048091,1
E01009499,E00048093,1
E01009499,E00048092,1
E01009500,E00048098,1
E01009500,E00048099,1
E01009500,E00048097,1
E01009500,E00048096,1
E01009500,E00048095,1
E01009501,E00048115,1
E01009501,E00048100,1
E01009501,E00048104,1
E01009501,E00048105,1
E01009501,E00048107,1
E01009502,E00048101,1
E01009502,E00048108,1
E01009502,E00048110,1
E01009502,E00048057,1
E01009502,E00048103,1
E01009503,E00048111,1
E01009503,E00048109,1
E01009503,E00048113,1
E01009503,E00048102,1
E01009503,E00048106,1
E01009504,E00048118,1
E01009504,E00048112,1
E01009504,E00048116,1
E01009504,E00048117,1
E01009504,E00048123,1
E01009505,E00048119,1
E01009505,E00048120,1
E01009505,E00048127,1
E01009505,E00048122,1
E01009505,E00048114,1
E01009506,E00048121,1
E01009506,E00048128,1
E01009506,E00048058,1
E01009506,E00048069,1
E01009506,E00048065,1
E01009507,E00048188,1
E01009507,E00048189,1
E01009507,E00048194,1
E01009507,E00048192,1
E01009508,E00048133,1
E01009508,E00048197,1
E01009508,E00048141,1
E01009508,E00048200,1
E01009508,E00048143,1
E01009509,E00048190,1
E01009509,E00048198,1
E01009509,E00048140,1
E01009509,E00048136,1
E01009509,E00048138,1
E01009510,E00048193,1
E01009510,E00048191,1
E01009510,E00048195,1
E01009510,E00048202,1
E01009510,E00048199,1
E01009511,E00048196,1
E01009511,E00048201,1
E01009511,E00048135,1
E01009511,E00048129,1
E01009512,E00048144,1
E01009512,E00048157,1
E01009512,E00048163,1
E01009512,E00048203,1
E01009512,E00048139,1
E01009513,E00048130,1
E01009513,E00048156,1
E01009513,E00048142,1
E01009513,E00048147,1
E01009513,E00048146,1
E01009514,E00048137,1
E01009514,E00048145,1
E01009514,E00048162,1
E01009514,E00048134,1
E01009514,E00048160,1
E01009514,E00048151,1
E01009515,E00048155,1
E01009515,E00048159,1
E01009515,E00048149,1
E01009515,E00048152,1
E01009515,E00048131,1
E01009516,E00048148,1
E01009516,E00048158,1
E01009516,E00048153,1
E01009516,E00048150,1
E01009517,E00048165,1
E01009517,E00048164,1
E01009517,E00048166,1
E01009517,E00048170,1
E01009517,E00048169,1
E01009518,E00048176,1
E01009518,E00048161,1
E01009518,E00048167,1
E01009518,E00048172,1
E01009518,E00048132,1
E01009518,E00048154,1
E01009519,E00048183,1
E01009519,E00048179,1
E01009519,E00048171,1
E01009519,E00048168,1
E01009519,E00048174,1
E01009520,E00048184,1
E01009520,E00048187,1
E01009520,E00048186,1
E01009520,E00048180,1
E01009520,E00048182,1
E01009520,E00048178,1
E01009521,E00048175,1
E01009521,E00048177,1
E01009521,E00048173,1
E01009521,E00048185,1
E01009521,E00048181,1
E01009793,E00049549,1
E01009794,E00049544,1
E01009794,E00049568,1
E01009797,E00049546,1
E01009797,E00049550,1
E01009797,E00049553,1
E01009800,E00049607,1
E01009800,E00049600,1
E01009800,E00049602,1
E01009802,E00049615,1
E01009802,E00049608,1
E01009802,E00049582,1
E01009802,E00049613,1
E01009803,E00049586,1
E01009803,E00049581,1
E01009803,E00049588,1
E01009804,E00049590,1
E01009921,E00050197,1
E01009921,E00050195,1
E01009921,E00050222,1
E01009921,E00050188,1
E01009921,E00050223,1
E01009924,E00050213,1
E01009925,E00050219,1
E01009925,E00050207,1
E01009925,E00050220,1
E01009927,E00050205,1
E01009927,E00050209,1
E01009927,E00050217,1
E01009927,E00050216,1
E01009928,E00050187,1
E01009928,E00050189,1
E01009947,E00050312,1
E01009947,E00050319,1
E01009947,E00050318,1
E01009968,E00050430,1
E01009974,E00050440,1
E01009974,E00050462,1
E01009974,E00050424,1
E01009974,E00050428,1
E01009974,E00050441,1
E01009975,E00050435,1
E01009975,E00050463,1
E01009975,E00050425,1
E01009975,E00050439,1
E01009975,E00050426,1
E01010007,E00050628,1
E01010007,E00050624,1
E01010008,E00050648,1
E01010008,E00050638,1
E01010008,E00050627,1
E01010009,E00050652,1
E01010009,E00050646,1
E01010010,E00050626,1
E01010010,E00050625,1
E01010010,E00050623,1
E01010010,E00050622,1
E01010011,E00050633,1
E01010011,E00050632,1
E01010011,E00050629,1
E01010012,E00050631,1
E01010022,E00050693,1
E01010022,E00050699,1
E01010022,E00050721,1
E01010022,E00050697,1
E01010022,E00050719,1
E01010023,E00050694,1
E01010023,E00050695,1
E01010023,E00050728,1
E01010023,E00050698,1
E01010024,E00050696,1
E01010024,E00050724,1
E01010024,E00050725,1
E01010025,E00050712,1
E01010027,E00050716,1
E01010027,E00050726,1
E01010027,E00050711,1
E01010028,E00050727,1
E01010046,E00050828,1
E01010046,E00050815,1
E01010046,E00050812,1
E01010047,E00050834,1
E01010052,E00050813,1
E01010052,E00050827,1
E01010052,E00050826,1
E01010052,E00050829,1
E01010059,E00050872,1
E01010059,E00050845,1
E01010059,E00050876,1
E01010059,E00050846,1
E01010060,E00050874,1
E01010061,E00050882,1
E01010062,E00050893,1
E01010062,E00050898,1
E01010062,E00050897,1
E01010101,E00051098,1
E01010101,E00051076,1
E01010105,E00051099,1
E01010105,E00051085,1
E01010109,E00051124,1
E01010109,E00051123,1
E01010109,E00051122,1
E01010109,E00051138,1
E01010110,E00051137,1
E01010113,E00051131,1
E01010113,E00051128,1
E01010114,E00051132,1
E01010114,E00051136,1
E01010114,E00051133,1
E01010114,E00051134,1
E01010114,E00051121,1
E01010117,E00051174,1
E01010117,E00051190,1
E01010117,E00051177,1
E01010117,E00051176,1
E01010118,E00051178,1
E01010118,E00051154,1
E01010118,E00051186,1
E01010118,E00051184,1
E01010119,E00051188,1
E01010119,E00051183,1
E01010120,E00051153,1
E01010120,E00051175,1
E01010120,E00051182,1
E01010120,E00051181,1
E01010120,E00051179,1
E01010121,E00051169,1
E01010121,E00051167,1
E01010121,E00051164,1
E01010121,E00051162,1
E01010121,E00051161,1
E01010122,E00051159,1
E01010122,E00051187,1
E01010122,E00051157,1
E01010122,E00051180,1
E01010122,E00051185,1
E01010123,E00051170,1
E01010123,E00051173,1
E01010123,E00051172,1
E01010124,E00051165,1
E01010124,E00051168,1
E01010124,E00051171,1
E01010133,E00051234,1
E01010133,E00051236,1
E01010133,E00051240,1
E01010134,E00051231,1
E01010134,E00051229,1
E01010134,E00051238,1
E01010134,E00051237,1
E01010138,E00051230,1
E01010138,E00051233,1
E01010138,E00051228,1
E01010142,E00051285,1
E01010142,E00051284,1
E01010142,E00051286,1
E01010143,E00051275,1
E01010143,E00051277,1
E01010143,E00051269,1
E01010143,E00051270,1
E01010144,E00051290,1
E01010144,E00051288,1
E01010144,E00051274,1
E01010146,E00051300,1
E01010146,E00051302,1
E01010146,E00051301,1
E01010146,E00051299,1
E01010147,E00051291,1
E01010147,E00051296,1
E01010148,E00051306,1
E01010148,E00051308,1
E01010148,E00051310,1
E01010148,E00051293,1
E01010149,E00051295,1
E01010149,E00051297,1
E01010149,E00051298,1
E01010157,E00051379,1
E01010157,E00051377,1
E01010157,E00051371,1
E01010157,E00051374,1
E01010159,E00051369,1
E01010159,E00051370,1
E01010159,E00051376,1
E01010159,E00051372,1
E01010161,E00051352,1
E01010162,E00051364,1
E01010162,E00051368,1
E01010162,E00051367,1
E01010162,E00051366,1
E01010162,E00051365,1
E01010163,E00051375,1
E01010163,E00051378,1
E01010163,E00051382,1
E01010174,E00051423,1
E01010174,E00051424,1
E01010174,E00051433,1
E01010174,E00051442,1
E01010175,E00051431,1
E01010175,E00051454,1
E01010176,E00051441,1
E01010177,E00051446,1
E01010177,E00051447,1
E01010177,E00051450,1
E01010177,E00051448,1
E01010178,E00051449,1
E01010178,E00051460,1
E01010178,E00051453,1
E01010178,E00051452,1
E01010178,E00051427,1
E01010178,E00051451,1
E01010179,E00051455,1
E01010204,E00051576,1
E01010204,E00051577,1
E01010204,E00051581,1
E01010204,E00051582,1
E01010204,E00051575,1
E01010206,E00051580,1
E01010218,E00051678,1
E01010218,E00051652,1
E01010218,E00051670,1
E01010218,E00051681,1
E01010218,E00051646,1
E01010219,E00051677,1
E01010219,E00051673,1
E01010219,E00051651,1
E01010219,E00051680,1
E01010219,E00051682,1
E01010221,E00051672,1
E01010221,E00051676,1
E01010222,E00051644,1
E01010222,E00051648,1
E01010222,E00051679,1
E01010225,E00051662,1
E01010225,E00051663,1
E01010225,E00051668,1
E01010239,E00051726,1
E01010239,E00051743,1
E01010239,E00051744,1
E01010239,E00051745,1
E01010240,E00051750,1
E01010240,E00051742,1
E01010240,E00051747,1
E01010355,E00052317,1
E01010355,E00052320,1
E01010356,E00052313,1
E01010357,E00052331,1
E01010358,E00052319,1
E01010358,E00052324,1
E01010358,E00052311,1
E01010358,E00052333,1
E01010358,E00052336,1
E01010359,E00052325,1
E01010359,E00052332,1
E01010359,E00052334,1
E01010360,E00052339,1
E01010360,E00052338,1
E01010360,E00052337,1
E01010384,E00052457,1
E01010384,E00052456,1
E01010385,E00052488,1
E01010385,E00052454,1
E01010385,E00052485,1
E01010385,E00052489,1
E01010386,E00052458,1
E01010386,E00052461,1
E01010387,E00052470,1
E01010387,E00052465,1
E01010388,E00052468,1
E01010389,E00052478,1
E01010389,E00052462,1
E01010389,E00052467,1
E01010389,E00052449,1
E01010389,E00052476,1
E01010390,E00052473,1
E01010390,E00052453,1
E01010391,E00052479,1
E01010391,E00052474,1
E01010391,E00052477,1
E01029488,E00150247,1
E01029488,E00150245,1
E01029513,E00150381,1
E01029513,E00150380,1
E01029513,E00150379,1
E01029513,E00150386,1
E01029514,E00150378,1
E01029514,E00150384,1
E01029514,E00150382,1
E01029514,E00150383,1
E01031023,E00158152,1
E01031023,E00158147,1
E01031023,E00158146,1
E01031023,E00158148,1
E01031023,E00158145,1
E01031023,E00158156,1
E01031024,E00158149,1
E01031024,E00158151,1
E01031041,E00158253,1
E01031041,E00158256,1
E01031041,E00158250,1
E01031041,E00158251,1
E01031041,E00158254,1
E01031041,E00158258,1
E01031042,E00158252,1
E01031042,E00158260,1
E01031042,E00158255,1
E01031042,E00158249,1
E01031042,E00158257,1
E01032122,E00163841,1
E01032122,E00163844,1
E01032122,E00163843,1
E01032126,E00163867,1
E01032126,E00163866,1
E01032126,E00163865,1
E01032134,E00163903,1
E01032134,E00163917,1
E01032134,E00163918,1
E01032134,E00163904,1
E01032134,E00163905,1
E01032134,E00163911,1
E01032142,E00163947,1
E01032142,E00163949,1
E01032142,E00163948,1
E01032142,E00163950,1
E01032143,E00163946,1
E01032145,E00163969,1
E01032145,E00163972,1
E01032145,E00163968,1
E01032145,E00163963,1
E01032146,E00163964,1
E01032146,E00163961,1
E01032146,E00163970,1
E01032146,E00163971,1
E01032147,E00163960,1
E01032168,E00164081,1
E01032169,E00164075,1
E01032169,E00164080,1
E01032169,E00164078,1
E01032170,E00164093,1
E01032170,E00164083,1
E01032171,E00164089,1
E01032171,E00164090,1
E01032171,E00164091,1
E01032171,E00164088,1
E01032171,E00164087,1
E01032172,E00164094,1
E01032172,E00164095,1
E01032172,E00164085,1
E01032172,E00164092,1
E01032172,E00164084,1
E01032589,E00045824,1
E01032589,E00045887,1
E01032589,E00045897,1
E01032589,E00045888,1
E01032590,E00051659,1
E01032590,E00051660,1
E01032590,E00051665,1
E01032590,E00051658,1
E01032590,E00051661,1
E01032591,E00046992,1
E01032591,E00046999,1
E01032591,E00046996,1
E01032591,E00047004,1
E01033557,E00046377,1
E01033559,E00045211,1
E01033561,E00046623,0.6567164179104478
E01033561,E00046627,1
E01033561,E00046638,1
E01033562,E00045646,1
E01033562,E00045653,1
E01033562,E00045591,1
E01033562,E00045657,1
E01033562,E00045974,1
E01033562,E00046021,1
E01033562,E00046022,1
E01033562,E00046026,1
E01033562,E00046023,1
E01033564,E00046346,0.7692307692307693
E01033565,E00046355,0.6666666666666666
E01033565,E00046351,1
E01033567,E00046385,0.07692307692307693
E01033615,E00046385,0.7521367521367521
E01033616,E00046393,1
E01033616,E00046385,0.17094017094017094
E01033616,E00046390,1
E01033617,E00046623,0.34328358208955223
E01033618,E00046346,0.23076923076923078
E01033620,E00046375,0.17647058823529413
E01033620,E00046350,1
E01033622,E00046367,1
E01033622,E00046356,0.5
E01033623,E00046356,0.5
E01033623,E00046415,1
E01033623,E00046412,1
E01033624,E00046410,0.3333333333333333
E01033624,E00046401,1
E01033625,E00046375,0.8235294117647058
E01033626,E00046410,0.6666666666666666
E01033627,E00046370,1
E01033627,E00046358,1
E01033627,E00046355,0.3333333333333333
E01033627,E00046357,1
E01033629,E00045316,1
E01033629,E00045319,1
E01033629,E00045291,1
E01033629,E00045302,1
E01033629,E00045304,1
E01033629,E00045308,1
E01033629,E00045311,1
E01033629,E00045317,1
E01033629,E00045265,1
E01033629,E00045310,1
E01033629,E00045314,1
E01033630,E00047613,1
E01033638,E00045205,1
E01033638,E00045190,1
E01033638,E00045198,1
E01033638,E00045201,1
E01033638,E00045206,1
E01033640,E00046411,1
E01033640,E00046409,1
E01033640,E00046344,1
E01033642,E00047356,1
E01033642,E00047358,1
E01033642,E00047369,1
E01033642,E00047370,1
E01033642,E00047308,1
E01033642,E00047305,1
E01033642,E00047314,1
E01033643,E00047573,1
E01033643,E00047559,1
E01033643,E00047525,1
E01033643,E00047570,1
E01033643,E00047561,1
E01033643,E00047567,1
E01033643,E00047524,1
E01033643,E00047556,1
E01033646,E00047615,1
E01033646,E00047635,1
E01033646,E00047622,1
E01033646,E00047630,1
E01033646,E00047640,1
E01033648,E00047578,1
E01033648,E00047566,1
E01033648,E00047526,1
E01033648,E00047528,1
E01033648,E00047576,1
E01033648,E00047530,1
E01033648,E00047587,1
E01033649,E00046643,1
E01033649,E00046646,1
E01033649,E00046652,1
E01033649,E00046645,1
E01033650,E00047478,1
E01033650,E00047486,1
E01033650,E00047479,1
E01033650,E00047451,1
E01033650,E00047488,1
E01033650,E00047490,1
E01033650,E00047491,1
E01033650,E00047487,1
E01033890,E00050892,1
E01033890,E00050885,1
E01033891,E00050895,1
E01033893,E00050891,1
E01034913,E00046264,1
E01034913,E00046283,1
E01034913,E00046282,0.3333333333333333
E01034914,E00046284,1
E01034914,E00046282,0.6666666666666666
E01034914,E00046286,1
E01034915,E00045738,1
E01034915,E00045733,1
E01034915,E00045735,1
E01034915,E00045726,1
E01034915,E00045725,1
E01034915,E00045723,1
E01034916,E00045734,1
E01034916,E00045686,1
E01034916,E00045678,1
E01034916,E00045677,1
E01034916,E00045688,1
E01034917,E00045965,1
E01034917,E00045958,1
E01034917,E00045968,1
E01034917,E00045955,1
E01034918,E00045903,1
E01034918,E00045919,1
E01034918,E00045916,1
E01034918,E00045912,1
E01034919,E00045225,1
E01034919,E00045228,1
E01034919,E00045172,1
E01034919,E00045224,1
E01034919,E00045226,1
E01034920,E00045232,1
E01034920,E00045173,1
E01034920,E00045231,1
E01034920,E00045227,1
E01034921,E00047377,1
E01034921,E00047429,1
E01034921,E00047418,1
E01034921,E00047434,1
E01034922,E00047378,1
E01034922,E00047438,1
E01034922,E00047437,1
E01034922,E00047441,1
E01034922,E00047433,1
E01034923,E00045946,1
E01034923,E00045942,1
E01034923,E00045246,1
E01034923,E00045937,1
E01034923,E00045938,1
E01034924,E00045240,1
E01034924,E00045237,1
E01034924,E00045239,1
E01034924,E00045235,1
E01034925,E00045244,1
E01034925,E00045245,1
E01034925,E00045248,1
E01034925,E00045185,1
E01034926,E00045182,1
E01034926,E00045191,1
E01034926,E00045175,1
E01034926,E00045181,1
E01034927,E00046662,1
E01034927,E00046672,1
E01034927,E00046671,1
E01034927,E00046610,1
E01034928,E00046608,1
E01034928,E00046668,1
E01034928,E00046670,1
E01034929,E00045208,1
E01034929,E00045210,1
E01034929,E00045203,1
E01034930,E00045209,1
E01034930,E00045212,1
E01034931,E00046629,1
E01034931,E00046620,1
E01034932,E00046632,1
E01034932,E00046630,1
E01034933,E00046674,1
E01034933,E00046673,1
E01034933,E00046631,1
E01034933,E00046675,1
E01034933,E00046618,1
E01034934,E00046626,1
E01034934,E00046611,1
E01034934,E00046637,1
E01034934,E00046677,1
E01034935,E00046640,1
E01034935,E00046655,1
E01034935,E00046650,1
E01034935,E00046648,1
E01034935,E00046649,1
E01034935,E00046615,1
E01034935,E00046651,1
E01034936,E00045624,1
E01034936,E00045619,1
E01034936,E00045585,1
E01034936,E00045617,1
E01034937,E00045587,1
E01034937,E00045634,1
E01034937,E00045650,1
E01034937,E00045648,1
E01034938,E00046533,1
E01034938,E00046551,1
E01034938,E00046553,1
E01034938,E00046552,1
E01034938,E00046534,1
E01034939,E00046535,1
E01034939,E00046554,1
E01034939,E00046556,1
E01034940,E00047115,1
E01034940,E00047108,1
E01034940,E00047106,1
E01034940,E00047111,1
E01034941,E00047125,1
E01034941,E00047116,1
E01034941,E00047109,1
E01034941,E00047114,1
E01034942,E00046433,1
E01034942,E00046498,1
E01034942,E00046499,1
E01034943,E00046521,1
E01034943,E00046516,1
E01034943,E00046511,1
E01034943,E00046532,1
E01034943,E00046526,1
E01034943,E00046527,1
E01034944,E00046467,1
E01034945,E00046482,1
E01034945,E00046432,1
E01034945,E00046488,1
E01034945,E00046479,1
E01034946,E00047459,0.3684210526315789
E01034947,E00047459,0.631578947368421
E01034947,E00047467,1
E01034947,E00047468,1
E01034947,E00047462,1
E01034948,E00046394,1
E01034948,E00046398,0.5
E01034948,E00046391,1
E01034949,E00046398,0.5
E01034949,E00046397,1
E01034949,E00046395,1
E01034950,E00046345,0.16129032258064516
E01034951,E00046345,0.8387096774193549
E01034952,E00047326,1
E01034952,E00047330,1
E01034952,E00047329,1
E01034953,E00047529,1
E01034953,E00047579,1
E01034953,E00047584,1
E01034953,E00047586,1
E01034954,E00047331,1
E01034954,E00047333,1
E01034954,E00047332,1
E01034955,E00045803,1
E01034955,E00045792,1
E01034955,E00045808,1
E01034955,E00045818,1
